,antecedents,consequents,antecedent support,consequent support,support,confidence,lift,representativity,leverage,conviction,zhangs_metric,jaccard,certainty,kulczynski
0,frozenset({'LEMONADE SCHNAPPS'}),frozenset({'SINGLE MALT SCOTCH'}),0.0011061946902654867,0.1084070796460177,0.0011061946902654867,1.0,9.224489795918368,1.0,0.0009862753543738742,inf,0.8925802879291251,0.01020408163265306,1.0,0.5051020408163265
1,"frozenset({'SINGLE BARREL BOURBON WHISKIES', 'IRISH WHISKIES'})",frozenset({'AMERICAN COCKTAILS'}),0.0014749262536873156,0.11946902654867257,0.0014749262536873156,1.0,8.37037037037037,1.0,0.0012987182499282115,inf,0.8818316100443131,0.012345679012345677,1.0,0.5061728395061729
2,"frozenset({'SINGLE BARREL BOURBON WHISKIES', 'AMERICAN COCKTAILS'})",frozenset({'IRISH WHISKIES'}),0.0014749262536873156,0.02654867256637168,0.0014749262536873156,1.0,37.666666666666664,1.0,0.0014357689195186258,inf,0.9748892171344165,0.05555555555555555,1.0,0.5277777777777778
3,"frozenset({'PUERTO RICO & VIRGIN ISLANDS RUM', 'WHISKEY LIQUEUR'})",frozenset({'AMERICAN COCKTAILS'}),0.0011061946902654867,0.11946902654867257,0.0011061946902654867,1.0,8.37037037037037,1.0,0.0009740386874461586,inf,0.8815060908084164,0.009259259259259259,1.0,0.5046296296296297
4,"frozenset({'PRIVATE LABEL TEQUILA', 'AMERICAN DRY GINS'})",frozenset({'MISC. IMPORTED CORDIALS & LIQUEURS'}),0.0011061946902654867,0.12278761061946902,0.0011061946902654867,1.0,8.144144144144144,1.0,0.000970367687367844,inf,0.8781838316722038,0.009009009009009009,1.0,0.5045045045045045
5,"frozenset({'BLENDED WHISKIES', 'COFFEE LIQUEURS'})",frozenset({'CANADIAN WHISKIES'}),0.0011061946902654867,0.0612094395280236,0.0011061946902654867,1.0,16.337349397590362,1.0,0.0010384851332654605,inf,0.939830195644149,0.018072289156626505,1.0,0.5090361445783133
6,"frozenset({'BLENDED WHISKIES', 'COFFEE LIQUEURS'})",frozenset({'SINGLE MALT SCOTCH'}),0.0011061946902654867,0.1084070796460177,0.0011061946902654867,1.0,9.224489795918368,1.0,0.0009862753543738742,inf,0.8925802879291251,0.01020408163265306,1.0,0.5051020408163265
7,"frozenset({'BLENDED WHISKIES', 'COFFEE LIQUEURS'})",frozenset({'VODKA FLAVORED'}),0.0011061946902654867,0.1544985250737463,0.0011061946902654867,1.0,6.47255369928401,1.0,0.0009352892421750594,inf,0.8464377999261721,0.007159904534606206,1.0,0.5035799522673031
8,"frozenset({'HIGH PROOF BEER - AMERICAN', 'CANADIAN WHISKIES'})",frozenset({'FLAVORED RUM'}),0.0011061946902654867,0.06747787610619468,0.0011061946902654867,1.0,14.819672131147541,1.0,0.0010315510220064218,inf,0.9335548172757475,0.01639344262295082,1.0,0.5081967213114754
9,"frozenset({'CANADIAN WHISKIES', 'IRISH WHISKIES'})",frozenset({'IMPORTED VODKA'}),0.0011061946902654867,0.0866519174041298,0.0011061946902654867,1.0,11.540425531914893,1.0,0.0010103407993317147,inf,0.9143595422665189,0.01276595744680851,1.0,0.5063829787234042
10,"frozenset({'IMPORTED VODKA', 'COFFEE LIQUEURS'})",frozenset({'SINGLE MALT SCOTCH'}),0.0011061946902654867,0.1084070796460177,0.0011061946902654867,1.0,9.224489795918368,1.0,0.0009862753543738742,inf,0.8925802879291251,0.01020408163265306,1.0,0.5051020408163265
11,"frozenset({'MISCELLANEOUS SCHNAPPS', 'IMPORTED VODKA - MISC'})",frozenset({'DECANTERS & SPECIALTY PACKAGES'}),0.0011061946902654867,0.19358407079646017,0.0011061946902654867,1.0,5.1657142857142855,1.0,0.0008920530190304643,inf,0.8073089700996677,0.005714285714285714,1.0,0.5028571428571429
12,"frozenset({'HIGH PROOF BEER - AMERICAN', 'STRAIGHT BOURBON WHISKIES'})",frozenset({'FLAVORED RUM'}),0.0011061946902654867,0.06747787610619468,0.0011061946902654867,1.0,14.819672131147541,1.0,0.0010315510220064218,inf,0.9335548172757475,0.01639344262295082,1.0,0.5081967213114754
13,"frozenset({'HIGH PROOF BEER - AMERICAN', 'SINGLE MALT SCOTCH'})",frozenset({'IMPORTED ALE'}),0.0011061946902654867,0.09402654867256637,0.0011061946902654867,1.0,10.63529411764706,1.0,0.0010021830213799044,inf,0.9069767441860465,0.011764705882352941,1.0,0.5058823529411764
14,"frozenset({'MISCELLANEOUS SCHNAPPS', 'IMPORTED VODKA'})",frozenset({'SINGLE MALT SCOTCH'}),0.0014749262536873156,0.1084070796460177,0.0014749262536873156,1.0,9.224489795918368,1.0,0.0013150338058318322,inf,0.8929098966026586,0.013605442176870748,1.0,0.5068027210884354
15,"frozenset({'MISCELLANEOUS SCHNAPPS', 'MISCELLANEOUS  BRANDIES'})",frozenset({'SINGLE MALT SCOTCH'}),0.0011061946902654867,0.1084070796460177,0.0011061946902654867,1.0,9.224489795918368,1.0,0.0009862753543738742,inf,0.8925802879291251,0.01020408163265306,1.0,0.5051020408163265
16,"frozenset({'OTHER PROOF VODKA', 'STRAIGHT BOURBON WHISKIES'})",frozenset({'TEQUILA'}),0.0011061946902654867,0.11504424778761062,0.0011061946902654867,1.0,8.692307692307692,1.0,0.000978933354217245,inf,0.8859357696567,0.009615384615384616,1.0,0.5048076923076923
17,"frozenset({'PUERTO RICO & VIRGIN ISLANDS RUM', 'WHISKEY LIQUEUR'})",frozenset({'TEQUILA'}),0.0011061946902654867,0.11504424778761062,0.0011061946902654867,1.0,8.692307692307692,1.0,0.000978933354217245,inf,0.8859357696567,0.009615384615384616,1.0,0.5048076923076923
18,"frozenset({'CANADIAN WHISKIES', 'BLENDED WHISKIES', 'AMERICAN COCKTAILS'})",frozenset({'AMERICAN DRY GINS'}),0.0011061946902654867,0.0357669616519174,0.0011061946902654867,1.0,27.95876288659794,1.0,0.0010666294671992063,inf,0.9653008490217793,0.030927835051546393,1.0,0.5154639175257731
19,"frozenset({'CANADIAN WHISKIES', 'AMERICAN DRY GINS', 'AMERICAN COCKTAILS'})",frozenset({'BLENDED WHISKIES'}),0.0011061946902654867,0.029129793510324485,0.0011061946902654867,1.0,34.32911392405063,1.0,0.0010739714673558358,inf,0.9719453672942047,0.0379746835443038,1.0,0.5189873417721519
20,"frozenset({'SINGLE MALT SCOTCH', 'BLENDED WHISKIES', 'AMERICAN DRY GINS'})",frozenset({'AMERICAN COCKTAILS'}),0.0011061946902654867,0.11946902654867257,0.0011061946902654867,1.0,8.37037037037037,1.0,0.0009740386874461586,inf,0.8815060908084164,0.009259259259259259,1.0,0.5046296296296297
21,"frozenset({'STRAIGHT BOURBON WHISKIES', 'AMERICAN DRY GINS', 'AMERICAN COCKTAILS'})",frozenset({'BLENDED WHISKIES'}),0.0011061946902654867,0.029129793510324485,0.0011061946902654867,1.0,34.32911392405063,1.0,0.0010739714673558358,inf,0.9719453672942047,0.0379746835443038,1.0,0.5189873417721519
22,"frozenset({'SINGLE MALT SCOTCH', 'CANADIAN WHISKIES', 'AMERICAN DRY GINS'})",frozenset({'AMERICAN COCKTAILS'}),0.0011061946902654867,0.11946902654867257,0.0011061946902654867,1.0,8.37037037037037,1.0,0.0009740386874461586,inf,0.8815060908084164,0.009259259259259259,1.0,0.5046296296296297
23,"frozenset({'SINGLE MALT SCOTCH', 'CANADIAN WHISKIES', 'AMERICAN COCKTAILS'})",frozenset({'AMERICAN DRY GINS'}),0.0011061946902654867,0.0357669616519174,0.0011061946902654867,1.0,27.95876288659794,1.0,0.0010666294671992063,inf,0.9653008490217793,0.030927835051546393,1.0,0.5154639175257731
24,"frozenset({'CANADIAN WHISKIES', 'AMERICAN DRY GINS', 'AMERICAN COCKTAILS'})",frozenset({'SINGLE MALT SCOTCH'}),0.0011061946902654867,0.1084070796460177,0.0011061946902654867,1.0,9.224489795918368,1.0,0.0009862753543738742,inf,0.8925802879291251,0.01020408163265306,1.0,0.5051020408163265
25,"frozenset({'CANADIAN WHISKIES', 'AMERICAN DRY GINS', 'AMERICAN COCKTAILS'})",frozenset({'STRAIGHT BOURBON WHISKIES'}),0.0011061946902654867,0.08775811209439528,0.0011061946902654867,1.0,11.394957983193278,1.0,0.0010091171326389431,inf,0.9132521225544481,0.012605042016806723,1.0,0.5063025210084033
26,"frozenset({'STRAIGHT BOURBON WHISKIES', 'AMERICAN DRY GINS', 'AMERICAN COCKTAILS'})",frozenset({'CANADIAN WHISKIES'}),0.0011061946902654867,0.0612094395280236,0.0011061946902654867,1.0,16.337349397590362,1.0,0.0010384851332654605,inf,0.939830195644149,0.018072289156626505,1.0,0.5090361445783133
27,"frozenset({'SINGLE MALT SCOTCH', 'STRAIGHT BOURBON WHISKIES', 'AMERICAN DRY GINS'})",frozenset({'AMERICAN COCKTAILS'}),0.0011061946902654867,0.11946902654867257,0.0011061946902654867,1.0,8.37037037037037,1.0,0.0009740386874461586,inf,0.8815060908084164,0.009259259259259259,1.0,0.5046296296296297
28,"frozenset({'STRAIGHT BOURBON WHISKIES', 'AMERICAN DRY GINS', 'AMERICAN COCKTAILS'})",frozenset({'SINGLE MALT SCOTCH'}),0.0011061946902654867,0.1084070796460177,0.0011061946902654867,1.0,9.224489795918368,1.0,0.0009862753543738742,inf,0.8925802879291251,0.01020408163265306,1.0,0.5051020408163265
29,"frozenset({'SINGLE MALT SCOTCH', 'CANADIAN WHISKIES', 'AMERICAN COCKTAILS'})",frozenset({'BLENDED WHISKIES'}),0.0011061946902654867,0.029129793510324485,0.0011061946902654867,1.0,34.32911392405063,1.0,0.0010739714673558358,inf,0.9719453672942047,0.0379746835443038,1.0,0.5189873417721519
30,"frozenset({'CANADIAN WHISKIES', 'BLENDED WHISKIES', 'AMERICAN COCKTAILS'})",frozenset({'SINGLE MALT SCOTCH'}),0.0011061946902654867,0.1084070796460177,0.0011061946902654867,1.0,9.224489795918368,1.0,0.0009862753543738742,inf,0.8925802879291251,0.01020408163265306,1.0,0.5051020408163265
31,"frozenset({'CANADIAN WHISKIES', 'BLENDED WHISKIES', 'AMERICAN COCKTAILS'})",frozenset({'STRAIGHT BOURBON WHISKIES'}),0.0011061946902654867,0.08775811209439528,0.0011061946902654867,1.0,11.394957983193278,1.0,0.0010091171326389431,inf,0.9132521225544481,0.012605042016806723,1.0,0.5063025210084033
32,"frozenset({'SINGLE MALT SCOTCH', 'CANADIAN WHISKIES', 'AMERICAN COCKTAILS'})",frozenset({'STRAIGHT BOURBON WHISKIES'}),0.0011061946902654867,0.08775811209439528,0.0011061946902654867,1.0,11.394957983193278,1.0,0.0010091171326389431,inf,0.9132521225544481,0.012605042016806723,1.0,0.5063025210084033
33,"frozenset({'PUERTO RICO & VIRGIN ISLANDS RUM', 'FLAVORED RUM', 'AMERICAN COCKTAILS'})",frozenset({'DECANTERS & SPECIALTY PACKAGES'}),0.0011061946902654867,0.19358407079646017,0.0011061946902654867,1.0,5.1657142857142855,1.0,0.0008920530190304643,inf,0.8073089700996677,0.005714285714285714,1.0,0.5028571428571429
34,"frozenset({'MISC. IMPORTED CORDIALS & LIQUEURS', 'DECANTERS & SPECIALTY PACKAGES', 'WHISKEY LIQUEUR'})",frozenset({'AMERICAN COCKTAILS'}),0.0011061946902654867,0.11946902654867257,0.0011061946902654867,1.0,8.37037037037037,1.0,0.0009740386874461586,inf,0.8815060908084164,0.009259259259259259,1.0,0.5046296296296297
35,"frozenset({'SINGLE MALT SCOTCH', 'SCOTCH WHISKIES', 'DECANTERS & SPECIALTY PACKAGES'})",frozenset({'AMERICAN COCKTAILS'}),0.0011061946902654867,0.11946902654867257,0.0011061946902654867,1.0,8.37037037037037,1.0,0.0009740386874461586,inf,0.8815060908084164,0.009259259259259259,1.0,0.5046296296296297
36,"frozenset({'FLAVORED RUM', 'SCOTCH WHISKIES', 'AMERICAN COCKTAILS'})",frozenset({'SINGLE MALT SCOTCH'}),0.0014749262536873156,0.1084070796460177,0.0014749262536873156,1.0,9.224489795918368,1.0,0.0013150338058318322,inf,0.8929098966026586,0.013605442176870748,1.0,0.5068027210884354
37,"frozenset({'FLAVORED RUM', 'SCOTCH WHISKIES', 'AMERICAN COCKTAILS'})",frozenset({'STRAIGHT BOURBON WHISKIES'}),0.0014749262536873156,0.08775811209439528,0.0014749262536873156,1.0,11.394957983193278,1.0,0.0013454895101852576,inf,0.9135893648449038,0.016806722689075626,1.0,0.5084033613445378
38,"frozenset({'SINGLE MALT SCOTCH', 'FLAVORED RUM', 'STRAIGHT BOURBON WHISKIES'})",frozenset({'AMERICAN COCKTAILS'}),0.0018436578171091445,0.11946902654867257,0.0018436578171091445,1.0,8.37037037037037,1.0,0.0016233978124102644,inf,0.8821573697820465,0.015432098765432098,1.0,0.5077160493827161
39,"frozenset({'TEQUILA', 'FLAVORED RUM', 'AMERICAN COCKTAILS'})",frozenset({'SINGLE MALT SCOTCH'}),0.0014749262536873156,0.1084070796460177,0.0014749262536873156,1.0,9.224489795918368,1.0,0.0013150338058318322,inf,0.8929098966026586,0.013605442176870748,1.0,0.5068027210884354
40,"frozenset({'TEQUILA', 'FLAVORED RUM', 'AMERICAN COCKTAILS'})",frozenset({'STRAIGHT BOURBON WHISKIES'}),0.0014749262536873156,0.08775811209439528,0.0014749262536873156,1.0,11.394957983193278,1.0,0.0013454895101852576,inf,0.9135893648449038,0.016806722689075626,1.0,0.5084033613445378
41,"frozenset({'IMPORTED VODKA', 'AMERICAN COCKTAILS', 'IRISH WHISKIES'})",frozenset({'VODKA FLAVORED'}),0.0011061946902654867,0.1544985250737463,0.0011061946902654867,1.0,6.47255369928401,1.0,0.0009352892421750594,inf,0.8464377999261721,0.007159904534606206,1.0,0.5035799522673031
42,"frozenset({'IMPORTED VODKA', 'VODKA FLAVORED', 'AMERICAN COCKTAILS'})",frozenset({'IRISH WHISKIES'}),0.0011061946902654867,0.02654867256637168,0.0011061946902654867,1.0,37.666666666666664,1.0,0.0010768266896389693,inf,0.9745293466223699,0.041666666666666664,1.0,0.5208333333333334
43,"frozenset({'IMPORTED VODKA - MISC', 'VODKA FLAVORED', 'IRISH WHISKIES'})",frozenset({'AMERICAN COCKTAILS'}),0.0011061946902654867,0.11946902654867257,0.0011061946902654867,1.0,8.37037037037037,1.0,0.0009740386874461586,inf,0.8815060908084164,0.009259259259259259,1.0,0.5046296296296297
44,"frozenset({'SINGLE MALT SCOTCH', 'IMPORTED VODKA - MISC', 'STRAIGHT BOURBON WHISKIES'})",frozenset({'AMERICAN COCKTAILS'}),0.0014749262536873156,0.11946902654867257,0.0014749262536873156,1.0,8.37037037037037,1.0,0.0012987182499282115,inf,0.8818316100443131,0.012345679012345677,1.0,0.5061728395061729
45,"frozenset({'MISCELLANEOUS  BRANDIES', 'generico', 'AMERICAN COCKTAILS'})",frozenset({'SCOTCH WHISKIES'}),0.0011061946902654867,0.13827433628318583,0.0011061946902654867,1.0,7.232,1.0,0.0009532363536690422,inf,0.8626799557032115,0.008,1.0,0.504
46,"frozenset({'PUERTO RICO & VIRGIN ISLANDS RUM', 'AMERICAN COCKTAILS', 'WHISKEY LIQUEUR'})",frozenset({'TEQUILA'}),0.0011061946902654867,0.11504424778761062,0.0011061946902654867,1.0,8.692307692307692,1.0,0.000978933354217245,inf,0.8859357696567,0.009615384615384616,1.0,0.5048076923076923
47,"frozenset({'TEQUILA', 'PUERTO RICO & VIRGIN ISLANDS RUM', 'WHISKEY LIQUEUR'})",frozenset({'AMERICAN COCKTAILS'}),0.0011061946902654867,0.11946902654867257,0.0011061946902654867,1.0,8.37037037037037,1.0,0.0009740386874461586,inf,0.8815060908084164,0.009259259259259259,1.0,0.5046296296296297
48,"frozenset({'PUERTO RICO & VIRGIN ISLANDS RUM', 'WHISKEY LIQUEUR'})","frozenset({'TEQUILA', 'AMERICAN COCKTAILS'})",0.0011061946902654867,0.010693215339233038,0.0011061946902654867,1.0,93.51724137931035,1.0,0.0010943659122353616,inf,0.9904023624953857,0.10344827586206896,1.0,0.5517241379310345
49,"frozenset({'SINGLE MALT SCOTCH', 'STRAIGHT BOURBON WHISKIES', 'SCOTCH WHISKIES'})",frozenset({'AMERICAN COCKTAILS'}),0.0018436578171091445,0.11946902654867257,0.0018436578171091445,1.0,8.37037037037037,1.0,0.0016233978124102644,inf,0.8821573697820465,0.015432098765432098,1.0,0.5077160493827161
50,"frozenset({'SINGLE MALT SCOTCH', 'STRAIGHT BOURBON WHISKIES', 'TEQUILA'})",frozenset({'AMERICAN COCKTAILS'}),0.0018436578171091445,0.11946902654867257,0.0018436578171091445,1.0,8.37037037037037,1.0,0.0016233978124102644,inf,0.8821573697820465,0.015432098765432098,1.0,0.5077160493827161
51,"frozenset({'SINGLE MALT SCOTCH', 'CANADIAN WHISKIES', 'AMERICAN DRY GINS'})",frozenset({'BLENDED WHISKIES'}),0.0011061946902654867,0.029129793510324485,0.0011061946902654867,1.0,34.32911392405063,1.0,0.0010739714673558358,inf,0.9719453672942047,0.0379746835443038,1.0,0.5189873417721519
52,"frozenset({'SINGLE MALT SCOTCH', 'BLENDED WHISKIES', 'AMERICAN DRY GINS'})",frozenset({'CANADIAN WHISKIES'}),0.0011061946902654867,0.0612094395280236,0.0011061946902654867,1.0,16.337349397590362,1.0,0.0010384851332654605,inf,0.939830195644149,0.018072289156626505,1.0,0.5090361445783133
53,"frozenset({'CANADIAN WHISKIES', 'BLENDED WHISKIES', 'AMERICAN DRY GINS'})",frozenset({'STRAIGHT BOURBON WHISKIES'}),0.0014749262536873156,0.08775811209439528,0.0014749262536873156,1.0,11.394957983193278,1.0,0.0013454895101852576,inf,0.9135893648449038,0.016806722689075626,1.0,0.5084033613445378
54,"frozenset({'CANADIAN WHISKIES', 'STRAIGHT BOURBON WHISKIES', 'AMERICAN DRY GINS'})",frozenset({'BLENDED WHISKIES'}),0.0014749262536873156,0.029129793510324485,0.0014749262536873156,1.0,34.32911392405063,1.0,0.0014319619564744476,inf,0.9723042836041358,0.05063291139240506,1.0,0.5253164556962026
55,"frozenset({'BLENDED WHISKIES', 'STRAIGHT BOURBON WHISKIES', 'AMERICAN DRY GINS'})",frozenset({'CANADIAN WHISKIES'}),0.0014749262536873156,0.0612094395280236,0.0014749262536873156,1.0,16.337349397590362,1.0,0.0013846468443539474,inf,0.9401772525849335,0.024096385542168676,1.0,0.5120481927710844
56,"frozenset({'SINGLE MALT SCOTCH', 'BLENDED WHISKIES', 'AMERICAN DRY GINS'})",frozenset({'STRAIGHT BOURBON WHISKIES'}),0.0011061946902654867,0.08775811209439528,0.0011061946902654867,1.0,11.394957983193278,1.0,0.0010091171326389431,inf,0.9132521225544481,0.012605042016806723,1.0,0.5063025210084033
57,"frozenset({'SINGLE MALT SCOTCH', 'STRAIGHT BOURBON WHISKIES', 'AMERICAN DRY GINS'})",frozenset({'BLENDED WHISKIES'}),0.0011061946902654867,0.029129793510324485,0.0011061946902654867,1.0,34.32911392405063,1.0,0.0010739714673558358,inf,0.9719453672942047,0.0379746835443038,1.0,0.5189873417721519
58,"frozenset({'SINGLE MALT SCOTCH', 'CANADIAN WHISKIES', 'AMERICAN DRY GINS'})",frozenset({'STRAIGHT BOURBON WHISKIES'}),0.0011061946902654867,0.08775811209439528,0.0011061946902654867,1.0,11.394957983193278,1.0,0.0010091171326389431,inf,0.9132521225544481,0.012605042016806723,1.0,0.5063025210084033
59,"frozenset({'SINGLE MALT SCOTCH', 'STRAIGHT BOURBON WHISKIES', 'AMERICAN DRY GINS'})",frozenset({'CANADIAN WHISKIES'}),0.0011061946902654867,0.0612094395280236,0.0011061946902654867,1.0,16.337349397590362,1.0,0.0010384851332654605,inf,0.939830195644149,0.018072289156626505,1.0,0.5090361445783133
60,"frozenset({'IMPORTED VODKA - MISC', 'STRAIGHT BOURBON WHISKIES', 'AMERICAN DRY GINS'})",frozenset({'VODKA FLAVORED'}),0.0011061946902654867,0.1544985250737463,0.0011061946902654867,1.0,6.47255369928401,1.0,0.0009352892421750594,inf,0.8464377999261721,0.007159904534606206,1.0,0.5035799522673031
61,"frozenset({'IMPORTED VODKA - MISC', 'AMERICAN DRY GINS', 'VODKA FLAVORED'})",frozenset({'STRAIGHT BOURBON WHISKIES'}),0.0011061946902654867,0.08775811209439528,0.0011061946902654867,1.0,11.394957983193278,1.0,0.0010091171326389431,inf,0.9132521225544481,0.012605042016806723,1.0,0.5063025210084033
62,"frozenset({'SINGLE MALT SCOTCH', 'CANADIAN WHISKIES', 'COFFEE LIQUEURS'})",frozenset({'BLENDED WHISKIES'}),0.0011061946902654867,0.029129793510324485,0.0011061946902654867,1.0,34.32911392405063,1.0,0.0010739714673558358,inf,0.9719453672942047,0.0379746835443038,1.0,0.5189873417721519
63,"frozenset({'SINGLE MALT SCOTCH', 'BLENDED WHISKIES', 'COFFEE LIQUEURS'})",frozenset({'CANADIAN WHISKIES'}),0.0011061946902654867,0.0612094395280236,0.0011061946902654867,1.0,16.337349397590362,1.0,0.0010384851332654605,inf,0.939830195644149,0.018072289156626505,1.0,0.5090361445783133
64,"frozenset({'CANADIAN WHISKIES', 'BLENDED WHISKIES', 'COFFEE LIQUEURS'})",frozenset({'SINGLE MALT SCOTCH'}),0.0011061946902654867,0.1084070796460177,0.0011061946902654867,1.0,9.224489795918368,1.0,0.0009862753543738742,inf,0.8925802879291251,0.01020408163265306,1.0,0.5051020408163265
65,"frozenset({'BLENDED WHISKIES', 'COFFEE LIQUEURS'})","frozenset({'SINGLE MALT SCOTCH', 'CANADIAN WHISKIES'})",0.0011061946902654867,0.0055309734513274336,0.0011061946902654867,1.0,180.8,1.0,0.001100076356801629,inf,0.9955703211517166,0.2,1.0,0.6
66,"frozenset({'CANADIAN WHISKIES', 'BLENDED WHISKIES', 'COFFEE LIQUEURS'})",frozenset({'VODKA FLAVORED'}),0.0011061946902654867,0.1544985250737463,0.0011061946902654867,1.0,6.47255369928401,1.0,0.0009352892421750594,inf,0.8464377999261721,0.007159904534606206,1.0,0.5035799522673031
67,"frozenset({'CANADIAN WHISKIES', 'COFFEE LIQUEURS', 'VODKA FLAVORED'})",frozenset({'BLENDED WHISKIES'}),0.0011061946902654867,0.029129793510324485,0.0011061946902654867,1.0,34.32911392405063,1.0,0.0010739714673558358,inf,0.9719453672942047,0.0379746835443038,1.0,0.5189873417721519
68,"frozenset({'BLENDED WHISKIES', 'COFFEE LIQUEURS', 'VODKA FLAVORED'})",frozenset({'CANADIAN WHISKIES'}),0.0011061946902654867,0.0612094395280236,0.0011061946902654867,1.0,16.337349397590362,1.0,0.0010384851332654605,inf,0.939830195644149,0.018072289156626505,1.0,0.5090361445783133
69,"frozenset({'BLENDED WHISKIES', 'COFFEE LIQUEURS'})","frozenset({'CANADIAN WHISKIES', 'VODKA FLAVORED'})",0.0011061946902654867,0.00995575221238938,0.0011061946902654867,1.0,100.44444444444444,1.0,0.0010951816900305427,inf,0.991140642303433,0.1111111111111111,1.0,0.5555555555555556
70,"frozenset({'CANADIAN WHISKIES', 'BLENDED WHISKIES', 'DECANTERS & SPECIALTY PACKAGES'})",frozenset({'STRAIGHT BOURBON WHISKIES'}),0.0011061946902654867,0.08775811209439528,0.0011061946902654867,1.0,11.394957983193278,1.0,0.0010091171326389431,inf,0.9132521225544481,0.012605042016806723,1.0,0.5063025210084033
71,"frozenset({'SINGLE MALT SCOTCH', 'BLENDED WHISKIES', 'VODKA FLAVORED'})",frozenset({'CANADIAN WHISKIES'}),0.0011061946902654867,0.0612094395280236,0.0011061946902654867,1.0,16.337349397590362,1.0,0.0010384851332654605,inf,0.939830195644149,0.018072289156626505,1.0,0.5090361445783133
72,"frozenset({'SINGLE MALT SCOTCH', 'BLENDED WHISKIES', 'COFFEE LIQUEURS'})",frozenset({'VODKA FLAVORED'}),0.0011061946902654867,0.1544985250737463,0.0011061946902654867,1.0,6.47255369928401,1.0,0.0009352892421750594,inf,0.8464377999261721,0.007159904534606206,1.0,0.5035799522673031
73,"frozenset({'SINGLE MALT SCOTCH', 'BLENDED WHISKIES', 'VODKA FLAVORED'})",frozenset({'COFFEE LIQUEURS'}),0.0011061946902654867,0.008849557522123894,0.0011061946902654867,1.0,113.0,1.0,0.0010964053567233142,inf,0.9922480620155039,0.125,1.0,0.5625
74,"frozenset({'SINGLE MALT SCOTCH', 'COFFEE LIQUEURS', 'VODKA FLAVORED'})",frozenset({'BLENDED WHISKIES'}),0.0011061946902654867,0.029129793510324485,0.0011061946902654867,1.0,34.32911392405063,1.0,0.0010739714673558358,inf,0.9719453672942047,0.0379746835443038,1.0,0.5189873417721519
75,"frozenset({'BLENDED WHISKIES', 'COFFEE LIQUEURS', 'VODKA FLAVORED'})",frozenset({'SINGLE MALT SCOTCH'}),0.0011061946902654867,0.1084070796460177,0.0011061946902654867,1.0,9.224489795918368,1.0,0.0009862753543738742,inf,0.8925802879291251,0.01020408163265306,1.0,0.5051020408163265
76,"frozenset({'BLENDED WHISKIES', 'COFFEE LIQUEURS'})","frozenset({'SINGLE MALT SCOTCH', 'VODKA FLAVORED'})",0.0011061946902654867,0.008849557522123894,0.0011061946902654867,1.0,113.0,1.0,0.0010964053567233142,inf,0.9922480620155039,0.125,1.0,0.5625
77,"frozenset({'BLENDED WHISKIES', 'SCOTCH WHISKIES', 'TEQUILA'})",frozenset({'DECANTERS & SPECIALTY PACKAGES'}),0.0011061946902654867,0.19358407079646017,0.0011061946902654867,1.0,5.1657142857142855,1.0,0.0008920530190304643,inf,0.8073089700996677,0.005714285714285714,1.0,0.5028571428571429
78,"frozenset({'DECANTERS & SPECIALTY PACKAGES', 'BLENDED WHISKIES', 'TEQUILA'})",frozenset({'SCOTCH WHISKIES'}),0.0011061946902654867,0.13827433628318583,0.0011061946902654867,1.0,7.232,1.0,0.0009532363536690422,inf,0.8626799557032115,0.008,1.0,0.504
79,"frozenset({'TEQUILA', 'BLENDED WHISKIES', 'DECANTERS & SPECIALTY PACKAGES'})",frozenset({'STRAIGHT BOURBON WHISKIES'}),0.0011061946902654867,0.08775811209439528,0.0011061946902654867,1.0,11.394957983193278,1.0,0.0010091171326389431,inf,0.9132521225544481,0.012605042016806723,1.0,0.5063025210084033
80,"frozenset({'IMPORTED VODKA - MISC', 'IMPORTED VODKA', 'BLENDED WHISKIES'})",frozenset({'STRAIGHT BOURBON WHISKIES'}),0.0011061946902654867,0.08775811209439528,0.0011061946902654867,1.0,11.394957983193278,1.0,0.0010091171326389431,inf,0.9132521225544481,0.012605042016806723,1.0,0.5063025210084033
81,"frozenset({'IMPORTED VODKA - MISC', 'BLENDED WHISKIES', 'STRAIGHT BOURBON WHISKIES'})",frozenset({'IMPORTED VODKA'}),0.0011061946902654867,0.0866519174041298,0.0011061946902654867,1.0,11.540425531914893,1.0,0.0010103407993317147,inf,0.9143595422665189,0.01276595744680851,1.0,0.5063829787234042
82,"frozenset({'IMPORTED VODKA', 'BLENDED WHISKIES', 'STRAIGHT BOURBON WHISKIES'})",frozenset({'IMPORTED VODKA - MISC'}),0.0011061946902654867,0.068952802359882,0.0011061946902654867,1.0,14.502673796791443,1.0,0.0010299194664160597,inf,0.932078257659653,0.0160427807486631,1.0,0.5080213903743316
83,"frozenset({'BLENDED WHISKIES', 'STRAIGHT BOURBON WHISKIES', 'IRISH WHISKIES'})",frozenset({'VODKA FLAVORED'}),0.0011061946902654867,0.1544985250737463,0.0011061946902654867,1.0,6.47255369928401,1.0,0.0009352892421750594,inf,0.8464377999261721,0.007159904534606206,1.0,0.5035799522673031
84,"frozenset({'BLENDED WHISKIES', 'VODKA FLAVORED', 'IRISH WHISKIES'})",frozenset({'STRAIGHT BOURBON WHISKIES'}),0.0011061946902654867,0.08775811209439528,0.0011061946902654867,1.0,11.394957983193278,1.0,0.0010091171326389431,inf,0.9132521225544481,0.012605042016806723,1.0,0.5063025210084033
85,"frozenset({'BLENDED WHISKIES', 'SCOTCH WHISKIES', 'TEQUILA'})",frozenset({'STRAIGHT BOURBON WHISKIES'}),0.0011061946902654867,0.08775811209439528,0.0011061946902654867,1.0,11.394957983193278,1.0,0.0010091171326389431,inf,0.9132521225544481,0.012605042016806723,1.0,0.5063025210084033
86,"frozenset({'SINGLE MALT SCOTCH', 'CANADIAN WHISKIES', 'COFFEE LIQUEURS'})",frozenset({'VODKA FLAVORED'}),0.0011061946902654867,0.1544985250737463,0.0011061946902654867,1.0,6.47255369928401,1.0,0.0009352892421750594,inf,0.8464377999261721,0.007159904534606206,1.0,0.5035799522673031
87,"frozenset({'SINGLE MALT SCOTCH', 'COFFEE LIQUEURS', 'VODKA FLAVORED'})",frozenset({'CANADIAN WHISKIES'}),0.0011061946902654867,0.0612094395280236,0.0011061946902654867,1.0,16.337349397590362,1.0,0.0010384851332654605,inf,0.939830195644149,0.018072289156626505,1.0,0.5090361445783133
88,"frozenset({'CANADIAN WHISKIES', 'COFFEE LIQUEURS', 'VODKA FLAVORED'})",frozenset({'SINGLE MALT SCOTCH'}),0.0011061946902654867,0.1084070796460177,0.0011061946902654867,1.0,9.224489795918368,1.0,0.0009862753543738742,inf,0.8925802879291251,0.01020408163265306,1.0,0.5051020408163265
89,"frozenset({'CANADIAN WHISKIES', 'STRAIGHT BOURBON WHISKIES', 'MISC. IMPORTED CORDIALS & LIQUEURS'})",frozenset({'DECANTERS & SPECIALTY PACKAGES'}),0.0011061946902654867,0.19358407079646017,0.0011061946902654867,1.0,5.1657142857142855,1.0,0.0008920530190304643,inf,0.8073089700996677,0.005714285714285714,1.0,0.5028571428571429
90,"frozenset({'SINGLE MALT SCOTCH', 'CANADIAN WHISKIES', 'DECANTERS & SPECIALTY PACKAGES'})",frozenset({'STRAIGHT BOURBON WHISKIES'}),0.0011061946902654867,0.08775811209439528,0.0011061946902654867,1.0,11.394957983193278,1.0,0.0010091171326389431,inf,0.9132521225544481,0.012605042016806723,1.0,0.5063025210084033
91,"frozenset({'IMPORTED VODKA - MISC', 'CANADIAN WHISKIES', 'VODKA FLAVORED'})",frozenset({'IMPORTED VODKA'}),0.0011061946902654867,0.0866519174041298,0.0011061946902654867,1.0,11.540425531914893,1.0,0.0010103407993317147,inf,0.9143595422665189,0.01276595744680851,1.0,0.5063829787234042
92,"frozenset({'CANADIAN WHISKIES', 'IMPORTED VODKA', 'VODKA FLAVORED'})",frozenset({'IMPORTED VODKA - MISC'}),0.0011061946902654867,0.068952802359882,0.0011061946902654867,1.0,14.502673796791443,1.0,0.0010299194664160597,inf,0.932078257659653,0.0160427807486631,1.0,0.5080213903743316
93,"frozenset({'SINGLE MALT SCOTCH', 'CANADIAN WHISKIES', 'IMPORTED VODKA'})",frozenset({'STRAIGHT BOURBON WHISKIES'}),0.0011061946902654867,0.08775811209439528,0.0011061946902654867,1.0,11.394957983193278,1.0,0.0010091171326389431,inf,0.9132521225544481,0.012605042016806723,1.0,0.5063025210084033
94,"frozenset({'CANADIAN WHISKIES', 'IMPORTED VODKA', 'STRAIGHT BOURBON WHISKIES'})",frozenset({'SINGLE MALT SCOTCH'}),0.0011061946902654867,0.1084070796460177,0.0011061946902654867,1.0,9.224489795918368,1.0,0.0009862753543738742,inf,0.8925802879291251,0.01020408163265306,1.0,0.5051020408163265
95,"frozenset({'SINGLE MALT SCOTCH', 'IMPORTED VODKA', 'CREAM LIQUEURS'})",frozenset({'IRISH WHISKIES'}),0.0011061946902654867,0.02654867256637168,0.0011061946902654867,1.0,37.666666666666664,1.0,0.0010768266896389693,inf,0.9745293466223699,0.041666666666666664,1.0,0.5208333333333334
96,"frozenset({'SINGLE MALT SCOTCH', 'CREAM LIQUEURS', 'IRISH WHISKIES'})",frozenset({'IMPORTED VODKA'}),0.0011061946902654867,0.0866519174041298,0.0011061946902654867,1.0,11.540425531914893,1.0,0.0010103407993317147,inf,0.9143595422665189,0.01276595744680851,1.0,0.5063829787234042
97,"frozenset({'SINGLE MALT SCOTCH', 'IMPORTED VODKA', 'IRISH WHISKIES'})",frozenset({'CREAM LIQUEURS'}),0.0011061946902654867,0.04277286135693215,0.0011061946902654867,1.0,23.379310344827587,1.0,0.0010588795781449865,inf,0.9582871908453304,0.02586206896551724,1.0,0.5129310344827587
98,"frozenset({'IMPORTED VODKA', 'CREAM LIQUEURS', 'VODKA FLAVORED'})",frozenset({'IRISH WHISKIES'}),0.0011061946902654867,0.02654867256637168,0.0011061946902654867,1.0,37.666666666666664,1.0,0.0010768266896389693,inf,0.9745293466223699,0.041666666666666664,1.0,0.5208333333333334
99,"frozenset({'SINGLE MALT SCOTCH', 'IMPORTED VODKA', 'CREAM LIQUEURS'})",frozenset({'VODKA FLAVORED'}),0.0011061946902654867,0.1544985250737463,0.0011061946902654867,1.0,6.47255369928401,1.0,0.0009352892421750594,inf,0.8464377999261721,0.007159904534606206,1.0,0.5035799522673031
100,"frozenset({'SINGLE MALT SCOTCH', 'CREAM LIQUEURS', 'VODKA FLAVORED'})",frozenset({'IMPORTED VODKA'}),0.0011061946902654867,0.0866519174041298,0.0011061946902654867,1.0,11.540425531914893,1.0,0.0010103407993317147,inf,0.9143595422665189,0.01276595744680851,1.0,0.5063829787234042
101,"frozenset({'IMPORTED VODKA', 'CREAM LIQUEURS', 'VODKA FLAVORED'})",frozenset({'SINGLE MALT SCOTCH'}),0.0011061946902654867,0.1084070796460177,0.0011061946902654867,1.0,9.224489795918368,1.0,0.0009862753543738742,inf,0.8925802879291251,0.01020408163265306,1.0,0.5051020408163265
102,"frozenset({'SINGLE MALT SCOTCH', 'CREAM LIQUEURS', 'IRISH WHISKIES'})",frozenset({'VODKA FLAVORED'}),0.0011061946902654867,0.1544985250737463,0.0011061946902654867,1.0,6.47255369928401,1.0,0.0009352892421750594,inf,0.8464377999261721,0.007159904534606206,1.0,0.5035799522673031
103,"frozenset({'SINGLE MALT SCOTCH', 'VODKA FLAVORED', 'IRISH WHISKIES'})",frozenset({'CREAM LIQUEURS'}),0.0011061946902654867,0.04277286135693215,0.0011061946902654867,1.0,23.379310344827587,1.0,0.0010588795781449865,inf,0.9582871908453304,0.02586206896551724,1.0,0.5129310344827587
104,"frozenset({'SINGLE MALT SCOTCH', 'CREAM LIQUEURS', 'VODKA FLAVORED'})",frozenset({'IRISH WHISKIES'}),0.0011061946902654867,0.02654867256637168,0.0011061946902654867,1.0,37.666666666666664,1.0,0.0010768266896389693,inf,0.9745293466223699,0.041666666666666664,1.0,0.5208333333333334
105,"frozenset({'PUERTO RICO & VIRGIN ISLANDS RUM', 'FLAVORED RUM', 'STRAIGHT BOURBON WHISKIES'})",frozenset({'DECANTERS & SPECIALTY PACKAGES'}),0.0011061946902654867,0.19358407079646017,0.0011061946902654867,1.0,5.1657142857142855,1.0,0.0008920530190304643,inf,0.8073089700996677,0.005714285714285714,1.0,0.5028571428571429
106,"frozenset({'PUERTO RICO & VIRGIN ISLANDS RUM', 'FLAVORED RUM', 'VODKA FLAVORED'})",frozenset({'DECANTERS & SPECIALTY PACKAGES'}),0.0011061946902654867,0.19358407079646017,0.0011061946902654867,1.0,5.1657142857142855,1.0,0.0008920530190304643,inf,0.8073089700996677,0.005714285714285714,1.0,0.5028571428571429
107,"frozenset({'IMPORTED VODKA', 'IMPORTED GRAPE BRANDIES', 'VODKA FLAVORED'})",frozenset({'DECANTERS & SPECIALTY PACKAGES'}),0.0018436578171091445,0.19358407079646017,0.0018436578171091445,1.0,5.1657142857142855,1.0,0.0014867550317174407,inf,0.8079054303657185,0.009523809523809525,1.0,0.5047619047619047
108,"frozenset({'IMPORTED VODKA - MISC', 'STRAIGHT BOURBON WHISKIES', 'SCOTCH WHISKIES'})",frozenset({'DECANTERS & SPECIALTY PACKAGES'}),0.0011061946902654867,0.19358407079646017,0.0011061946902654867,1.0,5.1657142857142855,1.0,0.0008920530190304643,inf,0.8073089700996677,0.005714285714285714,1.0,0.5028571428571429
109,"frozenset({'IMPORTED VODKA - MISC', 'STRAIGHT BOURBON WHISKIES', 'DECANTERS & SPECIALTY PACKAGES'})",frozenset({'SCOTCH WHISKIES'}),0.0011061946902654867,0.13827433628318583,0.0011061946902654867,1.0,7.232,1.0,0.0009532363536690422,inf,0.8626799557032115,0.008,1.0,0.504
110,"frozenset({'SINGLE MALT SCOTCH', 'SCOTCH WHISKIES', 'DECANTERS & SPECIALTY PACKAGES'})",frozenset({'STRAIGHT BOURBON WHISKIES'}),0.0011061946902654867,0.08775811209439528,0.0011061946902654867,1.0,11.394957983193278,1.0,0.0010091171326389431,inf,0.9132521225544481,0.012605042016806723,1.0,0.5063025210084033
111,"frozenset({'SINGLE MALT SCOTCH', 'IMPORTED VODKA', 'IRISH WHISKIES'})",frozenset({'VODKA FLAVORED'}),0.0011061946902654867,0.1544985250737463,0.0011061946902654867,1.0,6.47255369928401,1.0,0.0009352892421750594,inf,0.8464377999261721,0.007159904534606206,1.0,0.5035799522673031
112,"frozenset({'SINGLE MALT SCOTCH', 'VODKA FLAVORED', 'IRISH WHISKIES'})",frozenset({'IMPORTED VODKA'}),0.0011061946902654867,0.0866519174041298,0.0011061946902654867,1.0,11.540425531914893,1.0,0.0010103407993317147,inf,0.9143595422665189,0.01276595744680851,1.0,0.5063829787234042
113,"frozenset({'SINGLE MALT SCOTCH', 'BLENDED WHISKIES', 'AMERICAN DRY GINS', 'AMERICAN COCKTAILS'})",frozenset({'CANADIAN WHISKIES'}),0.0011061946902654867,0.0612094395280236,0.0011061946902654867,1.0,16.337349397590362,1.0,0.0010384851332654605,inf,0.939830195644149,0.018072289156626505,1.0,0.5090361445783133
114,"frozenset({'SINGLE MALT SCOTCH', 'CANADIAN WHISKIES', 'BLENDED WHISKIES', 'AMERICAN DRY GINS'})",frozenset({'AMERICAN COCKTAILS'}),0.0011061946902654867,0.11946902654867257,0.0011061946902654867,1.0,8.37037037037037,1.0,0.0009740386874461586,inf,0.8815060908084164,0.009259259259259259,1.0,0.5046296296296297
115,"frozenset({'SINGLE MALT SCOTCH', 'CANADIAN WHISKIES', 'BLENDED WHISKIES', 'AMERICAN COCKTAILS'})",frozenset({'AMERICAN DRY GINS'}),0.0011061946902654867,0.0357669616519174,0.0011061946902654867,1.0,27.95876288659794,1.0,0.0010666294671992063,inf,0.9653008490217793,0.030927835051546393,1.0,0.5154639175257731
116,"frozenset({'CANADIAN WHISKIES', 'BLENDED WHISKIES', 'AMERICAN DRY GINS', 'AMERICAN COCKTAILS'})",frozenset({'SINGLE MALT SCOTCH'}),0.0011061946902654867,0.1084070796460177,0.0011061946902654867,1.0,9.224489795918368,1.0,0.0009862753543738742,inf,0.8925802879291251,0.01020408163265306,1.0,0.5051020408163265
117,"frozenset({'SINGLE MALT SCOTCH', 'CANADIAN WHISKIES', 'AMERICAN DRY GINS', 'AMERICAN COCKTAILS'})",frozenset({'BLENDED WHISKIES'}),0.0011061946902654867,0.029129793510324485,0.0011061946902654867,1.0,34.32911392405063,1.0,0.0010739714673558358,inf,0.9719453672942047,0.0379746835443038,1.0,0.5189873417721519
118,"frozenset({'SINGLE MALT SCOTCH', 'BLENDED WHISKIES', 'AMERICAN DRY GINS'})","frozenset({'CANADIAN WHISKIES', 'AMERICAN COCKTAILS'})",0.0011061946902654867,0.008112094395280236,0.0011061946902654867,1.0,123.27272727272728,1.0,0.0010972211345184953,inf,0.9929863418235512,0.13636363636363635,1.0,0.5681818181818181
119,"frozenset({'CANADIAN WHISKIES', 'BLENDED WHISKIES', 'AMERICAN COCKTAILS'})","frozenset({'SINGLE MALT SCOTCH', 'AMERICAN DRY GINS'})",0.0011061946902654867,0.0029498525073746312,0.0011061946902654867,1.0,339.0,1.0,0.0011029315790847625,inf,0.9981543004798819,0.375,1.0,0.6875
120,"frozenset({'SINGLE MALT SCOTCH', 'CANADIAN WHISKIES', 'AMERICAN DRY GINS'})","frozenset({'BLENDED WHISKIES', 'AMERICAN COCKTAILS'})",0.0011061946902654867,0.005162241887905605,0.0011061946902654867,1.0,193.71428571428572,1.0,0.0011004842456992195,inf,0.9959394610557403,0.21428571428571427,1.0,0.6071428571428571
121,"frozenset({'SINGLE MALT SCOTCH', 'CANADIAN WHISKIES', 'AMERICAN COCKTAILS'})","frozenset({'BLENDED WHISKIES', 'AMERICAN DRY GINS'})",0.0011061946902654867,0.0018436578171091445,0.0011061946902654867,1.0,542.4,1.0,0.001104155245777534,inf,0.9992617201919527,0.6,1.0,0.8
122,"frozenset({'CANADIAN WHISKIES', 'AMERICAN DRY GINS', 'AMERICAN COCKTAILS'})","frozenset({'SINGLE MALT SCOTCH', 'BLENDED WHISKIES'})",0.0011061946902654867,0.003687315634218289,0.0011061946902654867,1.0,271.2,1.0,0.0011021158012895814,inf,0.9974160206718345,0.3,1.0,0.65
123,"frozenset({'BLENDED WHISKIES', 'STRAIGHT BOURBON WHISKIES', 'AMERICAN DRY GINS', 'AMERICAN COCKTAILS'})",frozenset({'CANADIAN WHISKIES'}),0.0011061946902654867,0.0612094395280236,0.0011061946902654867,1.0,16.337349397590362,1.0,0.0010384851332654605,inf,0.939830195644149,0.018072289156626505,1.0,0.5090361445783133
124,"frozenset({'CANADIAN WHISKIES', 'BLENDED WHISKIES', 'STRAIGHT BOURBON WHISKIES', 'AMERICAN COCKTAILS'})",frozenset({'AMERICAN DRY GINS'}),0.0011061946902654867,0.0357669616519174,0.0011061946902654867,1.0,27.95876288659794,1.0,0.0010666294671992063,inf,0.9653008490217793,0.030927835051546393,1.0,0.5154639175257731
125,"frozenset({'CANADIAN WHISKIES', 'BLENDED WHISKIES', 'AMERICAN DRY GINS', 'AMERICAN COCKTAILS'})",frozenset({'STRAIGHT BOURBON WHISKIES'}),0.0011061946902654867,0.08775811209439528,0.0011061946902654867,1.0,11.394957983193278,1.0,0.0010091171326389431,inf,0.9132521225544481,0.012605042016806723,1.0,0.5063025210084033
126,"frozenset({'CANADIAN WHISKIES', 'STRAIGHT BOURBON WHISKIES', 'AMERICAN DRY GINS', 'AMERICAN COCKTAILS'})",frozenset({'BLENDED WHISKIES'}),0.0011061946902654867,0.029129793510324485,0.0011061946902654867,1.0,34.32911392405063,1.0,0.0010739714673558358,inf,0.9719453672942047,0.0379746835443038,1.0,0.5189873417721519
127,"frozenset({'CANADIAN WHISKIES', 'BLENDED WHISKIES', 'AMERICAN COCKTAILS'})","frozenset({'STRAIGHT BOURBON WHISKIES', 'AMERICAN DRY GINS'})",0.0011061946902654867,0.006268436578171091,0.0011061946902654867,1.0,159.52941176470588,1.0,0.001099260579006448,inf,0.9948320413436693,0.17647058823529413,1.0,0.5882352941176471
128,"frozenset({'STRAIGHT BOURBON WHISKIES', 'AMERICAN DRY GINS', 'AMERICAN COCKTAILS'})","frozenset({'CANADIAN WHISKIES', 'BLENDED WHISKIES'})",0.0011061946902654867,0.004424778761061947,0.0011061946902654867,1.0,226.0,1.0,0.0011013000234944006,inf,0.9966777408637875,0.25,1.0,0.625
129,"frozenset({'CANADIAN WHISKIES', 'AMERICAN DRY GINS', 'AMERICAN COCKTAILS'})","frozenset({'BLENDED WHISKIES', 'STRAIGHT BOURBON WHISKIES'})",0.0011061946902654867,0.004056047197640118,0.0011061946902654867,1.0,246.54545454545456,1.0,0.001101707912391991,inf,0.9970468807678109,0.2727272727272727,1.0,0.6363636363636364
130,"frozenset({'SINGLE MALT SCOTCH', 'BLENDED WHISKIES', 'STRAIGHT BOURBON WHISKIES', 'AMERICAN DRY GINS'})",frozenset({'AMERICAN COCKTAILS'}),0.0011061946902654867,0.11946902654867257,0.0011061946902654867,1.0,8.37037037037037,1.0,0.0009740386874461586,inf,0.8815060908084164,0.009259259259259259,1.0,0.5046296296296297
131,"frozenset({'SINGLE MALT SCOTCH', 'BLENDED WHISKIES', 'STRAIGHT BOURBON WHISKIES', 'AMERICAN COCKTAILS'})",frozenset({'AMERICAN DRY GINS'}),0.0011061946902654867,0.0357669616519174,0.0011061946902654867,1.0,27.95876288659794,1.0,0.0010666294671992063,inf,0.9653008490217793,0.030927835051546393,1.0,0.5154639175257731
132,"frozenset({'SINGLE MALT SCOTCH', 'BLENDED WHISKIES', 'AMERICAN DRY GINS', 'AMERICAN COCKTAILS'})",frozenset({'STRAIGHT BOURBON WHISKIES'}),0.0011061946902654867,0.08775811209439528,0.0011061946902654867,1.0,11.394957983193278,1.0,0.0010091171326389431,inf,0.9132521225544481,0.012605042016806723,1.0,0.5063025210084033
133,"frozenset({'BLENDED WHISKIES', 'STRAIGHT BOURBON WHISKIES', 'AMERICAN DRY GINS', 'AMERICAN COCKTAILS'})",frozenset({'SINGLE MALT SCOTCH'}),0.0011061946902654867,0.1084070796460177,0.0011061946902654867,1.0,9.224489795918368,1.0,0.0009862753543738742,inf,0.8925802879291251,0.01020408163265306,1.0,0.5051020408163265
134,"frozenset({'SINGLE MALT SCOTCH', 'STRAIGHT BOURBON WHISKIES', 'AMERICAN DRY GINS', 'AMERICAN COCKTAILS'})",frozenset({'BLENDED WHISKIES'}),0.0011061946902654867,0.029129793510324485,0.0011061946902654867,1.0,34.32911392405063,1.0,0.0010739714673558358,inf,0.9719453672942047,0.0379746835443038,1.0,0.5189873417721519
135,"frozenset({'SINGLE MALT SCOTCH', 'BLENDED WHISKIES', 'AMERICAN DRY GINS'})","frozenset({'STRAIGHT BOURBON WHISKIES', 'AMERICAN COCKTAILS'})",0.0011061946902654867,0.009587020648967551,0.0011061946902654867,1.0,104.3076923076923,1.0,0.0010955895789281332,inf,0.9915097822074567,0.11538461538461539,1.0,0.5576923076923077
136,"frozenset({'SINGLE MALT SCOTCH', 'STRAIGHT BOURBON WHISKIES', 'AMERICAN DRY GINS'})","frozenset({'BLENDED WHISKIES', 'AMERICAN COCKTAILS'})",0.0011061946902654867,0.005162241887905605,0.0011061946902654867,1.0,193.71428571428572,1.0,0.0011004842456992195,inf,0.9959394610557403,0.21428571428571427,1.0,0.6071428571428571
137,"frozenset({'STRAIGHT BOURBON WHISKIES', 'AMERICAN DRY GINS', 'AMERICAN COCKTAILS'})","frozenset({'SINGLE MALT SCOTCH', 'BLENDED WHISKIES'})",0.0011061946902654867,0.003687315634218289,0.0011061946902654867,1.0,271.2,1.0,0.0011021158012895814,inf,0.9974160206718345,0.3,1.0,0.65
138,"frozenset({'SINGLE MALT SCOTCH', 'STRAIGHT BOURBON WHISKIES', 'AMERICAN DRY GINS', 'AMERICAN COCKTAILS'})",frozenset({'CANADIAN WHISKIES'}),0.0011061946902654867,0.0612094395280236,0.0011061946902654867,1.0,16.337349397590362,1.0,0.0010384851332654605,inf,0.939830195644149,0.018072289156626505,1.0,0.5090361445783133
139,"frozenset({'SINGLE MALT SCOTCH', 'CANADIAN WHISKIES', 'STRAIGHT BOURBON WHISKIES', 'AMERICAN DRY GINS'})",frozenset({'AMERICAN COCKTAILS'}),0.0011061946902654867,0.11946902654867257,0.0011061946902654867,1.0,8.37037037037037,1.0,0.0009740386874461586,inf,0.8815060908084164,0.009259259259259259,1.0,0.5046296296296297
140,"frozenset({'SINGLE MALT SCOTCH', 'CANADIAN WHISKIES', 'STRAIGHT BOURBON WHISKIES', 'AMERICAN COCKTAILS'})",frozenset({'AMERICAN DRY GINS'}),0.0011061946902654867,0.0357669616519174,0.0011061946902654867,1.0,27.95876288659794,1.0,0.0010666294671992063,inf,0.9653008490217793,0.030927835051546393,1.0,0.5154639175257731
141,"frozenset({'SINGLE MALT SCOTCH', 'CANADIAN WHISKIES', 'AMERICAN DRY GINS', 'AMERICAN COCKTAILS'})",frozenset({'STRAIGHT BOURBON WHISKIES'}),0.0011061946902654867,0.08775811209439528,0.0011061946902654867,1.0,11.394957983193278,1.0,0.0010091171326389431,inf,0.9132521225544481,0.012605042016806723,1.0,0.5063025210084033
142,"frozenset({'CANADIAN WHISKIES', 'STRAIGHT BOURBON WHISKIES', 'AMERICAN DRY GINS', 'AMERICAN COCKTAILS'})",frozenset({'SINGLE MALT SCOTCH'}),0.0011061946902654867,0.1084070796460177,0.0011061946902654867,1.0,9.224489795918368,1.0,0.0009862753543738742,inf,0.8925802879291251,0.01020408163265306,1.0,0.5051020408163265
143,"frozenset({'SINGLE MALT SCOTCH', 'STRAIGHT BOURBON WHISKIES', 'AMERICAN DRY GINS'})","frozenset({'CANADIAN WHISKIES', 'AMERICAN COCKTAILS'})",0.0011061946902654867,0.008112094395280236,0.0011061946902654867,1.0,123.27272727272728,1.0,0.0010972211345184953,inf,0.9929863418235512,0.13636363636363635,1.0,0.5681818181818181
144,"frozenset({'SINGLE MALT SCOTCH', 'CANADIAN WHISKIES', 'AMERICAN DRY GINS'})","frozenset({'STRAIGHT BOURBON WHISKIES', 'AMERICAN COCKTAILS'})",0.0011061946902654867,0.009587020648967551,0.0011061946902654867,1.0,104.3076923076923,1.0,0.0010955895789281332,inf,0.9915097822074567,0.11538461538461539,1.0,0.5576923076923077
145,"frozenset({'SINGLE MALT SCOTCH', 'CANADIAN WHISKIES', 'AMERICAN COCKTAILS'})","frozenset({'STRAIGHT BOURBON WHISKIES', 'AMERICAN DRY GINS'})",0.0011061946902654867,0.006268436578171091,0.0011061946902654867,1.0,159.52941176470588,1.0,0.001099260579006448,inf,0.9948320413436693,0.17647058823529413,1.0,0.5882352941176471
146,"frozenset({'STRAIGHT BOURBON WHISKIES', 'AMERICAN DRY GINS', 'AMERICAN COCKTAILS'})","frozenset({'SINGLE MALT SCOTCH', 'CANADIAN WHISKIES'})",0.0011061946902654867,0.0055309734513274336,0.0011061946902654867,1.0,180.8,1.0,0.001100076356801629,inf,0.9955703211517166,0.2,1.0,0.6
147,"frozenset({'CANADIAN WHISKIES', 'AMERICAN DRY GINS', 'AMERICAN COCKTAILS'})","frozenset({'SINGLE MALT SCOTCH', 'STRAIGHT BOURBON WHISKIES'})",0.0011061946902654867,0.00663716814159292,0.0011061946902654867,1.0,150.66666666666666,1.0,0.0010988526901088574,inf,0.9944629014396457,0.16666666666666666,1.0,0.5833333333333334
148,"frozenset({'SINGLE MALT SCOTCH', 'BLENDED WHISKIES', 'STRAIGHT BOURBON WHISKIES', 'AMERICAN COCKTAILS'})",frozenset({'CANADIAN WHISKIES'}),0.0011061946902654867,0.0612094395280236,0.0011061946902654867,1.0,16.337349397590362,1.0,0.0010384851332654605,inf,0.939830195644149,0.018072289156626505,1.0,0.5090361445783133
149,"frozenset({'SINGLE MALT SCOTCH', 'CANADIAN WHISKIES', 'BLENDED WHISKIES', 'STRAIGHT BOURBON WHISKIES'})",frozenset({'AMERICAN COCKTAILS'}),0.0011061946902654867,0.11946902654867257,0.0011061946902654867,1.0,8.37037037037037,1.0,0.0009740386874461586,inf,0.8815060908084164,0.009259259259259259,1.0,0.5046296296296297
150,"frozenset({'SINGLE MALT SCOTCH', 'CANADIAN WHISKIES', 'BLENDED WHISKIES', 'AMERICAN COCKTAILS'})",frozenset({'STRAIGHT BOURBON WHISKIES'}),0.0011061946902654867,0.08775811209439528,0.0011061946902654867,1.0,11.394957983193278,1.0,0.0010091171326389431,inf,0.9132521225544481,0.012605042016806723,1.0,0.5063025210084033
151,"frozenset({'CANADIAN WHISKIES', 'BLENDED WHISKIES', 'STRAIGHT BOURBON WHISKIES', 'AMERICAN COCKTAILS'})",frozenset({'SINGLE MALT SCOTCH'}),0.0011061946902654867,0.1084070796460177,0.0011061946902654867,1.0,9.224489795918368,1.0,0.0009862753543738742,inf,0.8925802879291251,0.01020408163265306,1.0,0.5051020408163265
152,"frozenset({'SINGLE MALT SCOTCH', 'CANADIAN WHISKIES', 'STRAIGHT BOURBON WHISKIES', 'AMERICAN COCKTAILS'})",frozenset({'BLENDED WHISKIES'}),0.0011061946902654867,0.029129793510324485,0.0011061946902654867,1.0,34.32911392405063,1.0,0.0010739714673558358,inf,0.9719453672942047,0.0379746835443038,1.0,0.5189873417721519
153,"frozenset({'CANADIAN WHISKIES', 'BLENDED WHISKIES', 'AMERICAN COCKTAILS'})","frozenset({'SINGLE MALT SCOTCH', 'STRAIGHT BOURBON WHISKIES'})",0.0011061946902654867,0.00663716814159292,0.0011061946902654867,1.0,150.66666666666666,1.0,0.0010988526901088574,inf,0.9944629014396457,0.16666666666666666,1.0,0.5833333333333334
154,"frozenset({'SINGLE MALT SCOTCH', 'CANADIAN WHISKIES', 'AMERICAN COCKTAILS'})","frozenset({'BLENDED WHISKIES', 'STRAIGHT BOURBON WHISKIES'})",0.0011061946902654867,0.004056047197640118,0.0011061946902654867,1.0,246.54545454545456,1.0,0.001101707912391991,inf,0.9970468807678109,0.2727272727272727,1.0,0.6363636363636364
155,"frozenset({'SINGLE MALT SCOTCH', 'STRAIGHT BOURBON WHISKIES', 'SCOTCH WHISKIES', 'DECANTERS & SPECIALTY PACKAGES'})",frozenset({'AMERICAN COCKTAILS'}),0.0011061946902654867,0.11946902654867257,0.0011061946902654867,1.0,8.37037037037037,1.0,0.0009740386874461586,inf,0.8815060908084164,0.009259259259259259,1.0,0.5046296296296297
156,"frozenset({'SINGLE MALT SCOTCH', 'STRAIGHT BOURBON WHISKIES', 'AMERICAN COCKTAILS', 'DECANTERS & SPECIALTY PACKAGES'})",frozenset({'SCOTCH WHISKIES'}),0.0011061946902654867,0.13827433628318583,0.0011061946902654867,1.0,7.232,1.0,0.0009532363536690422,inf,0.8626799557032115,0.008,1.0,0.504
157,"frozenset({'SINGLE MALT SCOTCH', 'AMERICAN COCKTAILS', 'SCOTCH WHISKIES', 'DECANTERS & SPECIALTY PACKAGES'})",frozenset({'STRAIGHT BOURBON WHISKIES'}),0.0011061946902654867,0.08775811209439528,0.0011061946902654867,1.0,11.394957983193278,1.0,0.0010091171326389431,inf,0.9132521225544481,0.012605042016806723,1.0,0.5063025210084033
158,"frozenset({'AMERICAN COCKTAILS', 'STRAIGHT BOURBON WHISKIES', 'SCOTCH WHISKIES', 'DECANTERS & SPECIALTY PACKAGES'})",frozenset({'SINGLE MALT SCOTCH'}),0.0011061946902654867,0.1084070796460177,0.0011061946902654867,1.0,9.224489795918368,1.0,0.0009862753543738742,inf,0.8925802879291251,0.01020408163265306,1.0,0.5051020408163265
159,"frozenset({'SINGLE MALT SCOTCH', 'SCOTCH WHISKIES', 'DECANTERS & SPECIALTY PACKAGES'})","frozenset({'STRAIGHT BOURBON WHISKIES', 'AMERICAN COCKTAILS'})",0.0011061946902654867,0.009587020648967551,0.0011061946902654867,1.0,104.3076923076923,1.0,0.0010955895789281332,inf,0.9915097822074567,0.11538461538461539,1.0,0.5576923076923077
160,"frozenset({'SINGLE MALT SCOTCH', 'FLAVORED RUM', 'SCOTCH WHISKIES', 'STRAIGHT BOURBON WHISKIES'})",frozenset({'AMERICAN COCKTAILS'}),0.0014749262536873156,0.11946902654867257,0.0014749262536873156,1.0,8.37037037037037,1.0,0.0012987182499282115,inf,0.8818316100443131,0.012345679012345677,1.0,0.5061728395061729
161,"frozenset({'SINGLE MALT SCOTCH', 'FLAVORED RUM', 'SCOTCH WHISKIES', 'AMERICAN COCKTAILS'})",frozenset({'STRAIGHT BOURBON WHISKIES'}),0.0014749262536873156,0.08775811209439528,0.0014749262536873156,1.0,11.394957983193278,1.0,0.0013454895101852576,inf,0.9135893648449038,0.016806722689075626,1.0,0.5084033613445378
162,"frozenset({'AMERICAN COCKTAILS', 'FLAVORED RUM', 'SCOTCH WHISKIES', 'STRAIGHT BOURBON WHISKIES'})",frozenset({'SINGLE MALT SCOTCH'}),0.0014749262536873156,0.1084070796460177,0.0014749262536873156,1.0,9.224489795918368,1.0,0.0013150338058318322,inf,0.8929098966026586,0.013605442176870748,1.0,0.5068027210884354
163,"frozenset({'FLAVORED RUM', 'SCOTCH WHISKIES', 'AMERICAN COCKTAILS'})","frozenset({'SINGLE MALT SCOTCH', 'STRAIGHT BOURBON WHISKIES'})",0.0014749262536873156,0.00663716814159292,0.0014749262536873156,1.0,150.66666666666666,1.0,0.0014651369201451432,inf,0.9948301329394387,0.2222222222222222,1.0,0.6111111111111112
164,"frozenset({'SINGLE MALT SCOTCH', 'TEQUILA', 'SCOTCH WHISKIES', 'AMERICAN COCKTAILS'})",frozenset({'FLAVORED RUM'}),0.0011061946902654867,0.06747787610619468,0.0011061946902654867,1.0,14.819672131147541,1.0,0.0010315510220064218,inf,0.9335548172757475,0.01639344262295082,1.0,0.5081967213114754
165,"frozenset({'TEQUILA', 'FLAVORED RUM', 'SCOTCH WHISKIES', 'AMERICAN COCKTAILS'})",frozenset({'SINGLE MALT SCOTCH'}),0.0011061946902654867,0.1084070796460177,0.0011061946902654867,1.0,9.224489795918368,1.0,0.0009862753543738742,inf,0.8925802879291251,0.01020408163265306,1.0,0.5051020408163265
166,"frozenset({'TEQUILA', 'FLAVORED RUM', 'SCOTCH WHISKIES', 'STRAIGHT BOURBON WHISKIES'})",frozenset({'AMERICAN COCKTAILS'}),0.0011061946902654867,0.11946902654867257,0.0011061946902654867,1.0,8.37037037037037,1.0,0.0009740386874461586,inf,0.8815060908084164,0.009259259259259259,1.0,0.5046296296296297
167,"frozenset({'TEQUILA', 'FLAVORED RUM', 'SCOTCH WHISKIES', 'AMERICAN COCKTAILS'})",frozenset({'STRAIGHT BOURBON WHISKIES'}),0.0011061946902654867,0.08775811209439528,0.0011061946902654867,1.0,11.394957983193278,1.0,0.0010091171326389431,inf,0.9132521225544481,0.012605042016806723,1.0,0.5063025210084033
168,"frozenset({'SINGLE MALT SCOTCH', 'TEQUILA', 'FLAVORED RUM', 'STRAIGHT BOURBON WHISKIES'})",frozenset({'AMERICAN COCKTAILS'}),0.0014749262536873156,0.11946902654867257,0.0014749262536873156,1.0,8.37037037037037,1.0,0.0012987182499282115,inf,0.8818316100443131,0.012345679012345677,1.0,0.5061728395061729
169,"frozenset({'SINGLE MALT SCOTCH', 'TEQUILA', 'FLAVORED RUM', 'AMERICAN COCKTAILS'})",frozenset({'STRAIGHT BOURBON WHISKIES'}),0.0014749262536873156,0.08775811209439528,0.0014749262536873156,1.0,11.394957983193278,1.0,0.0013454895101852576,inf,0.9135893648449038,0.016806722689075626,1.0,0.5084033613445378
170,"frozenset({'TEQUILA', 'FLAVORED RUM', 'AMERICAN COCKTAILS', 'STRAIGHT BOURBON WHISKIES'})",frozenset({'SINGLE MALT SCOTCH'}),0.0014749262536873156,0.1084070796460177,0.0014749262536873156,1.0,9.224489795918368,1.0,0.0013150338058318322,inf,0.8929098966026586,0.013605442176870748,1.0,0.5068027210884354
171,"frozenset({'TEQUILA', 'FLAVORED RUM', 'AMERICAN COCKTAILS'})","frozenset({'SINGLE MALT SCOTCH', 'STRAIGHT BOURBON WHISKIES'})",0.0014749262536873156,0.00663716814159292,0.0014749262536873156,1.0,150.66666666666666,1.0,0.0014651369201451432,inf,0.9948301329394387,0.2222222222222222,1.0,0.6111111111111112
172,"frozenset({'SINGLE MALT SCOTCH', 'STRAIGHT BOURBON WHISKIES', 'SCOTCH WHISKIES', 'TEQUILA'})",frozenset({'AMERICAN COCKTAILS'}),0.0011061946902654867,0.11946902654867257,0.0011061946902654867,1.0,8.37037037037037,1.0,0.0009740386874461586,inf,0.8815060908084164,0.009259259259259259,1.0,0.5046296296296297
173,"frozenset({'SINGLE MALT SCOTCH', 'TEQUILA', 'SCOTCH WHISKIES', 'AMERICAN COCKTAILS'})",frozenset({'STRAIGHT BOURBON WHISKIES'}),0.0011061946902654867,0.08775811209439528,0.0011061946902654867,1.0,11.394957983193278,1.0,0.0010091171326389431,inf,0.9132521225544481,0.012605042016806723,1.0,0.5063025210084033
174,"frozenset({'SINGLE MALT SCOTCH', 'BLENDED WHISKIES', 'STRAIGHT BOURBON WHISKIES', 'AMERICAN DRY GINS'})",frozenset({'CANADIAN WHISKIES'}),0.0011061946902654867,0.0612094395280236,0.0011061946902654867,1.0,16.337349397590362,1.0,0.0010384851332654605,inf,0.939830195644149,0.018072289156626505,1.0,0.5090361445783133
175,"frozenset({'SINGLE MALT SCOTCH', 'CANADIAN WHISKIES', 'BLENDED WHISKIES', 'STRAIGHT BOURBON WHISKIES'})",frozenset({'AMERICAN DRY GINS'}),0.0011061946902654867,0.0357669616519174,0.0011061946902654867,1.0,27.95876288659794,1.0,0.0010666294671992063,inf,0.9653008490217793,0.030927835051546393,1.0,0.5154639175257731
176,"frozenset({'SINGLE MALT SCOTCH', 'CANADIAN WHISKIES', 'BLENDED WHISKIES', 'AMERICAN DRY GINS'})",frozenset({'STRAIGHT BOURBON WHISKIES'}),0.0011061946902654867,0.08775811209439528,0.0011061946902654867,1.0,11.394957983193278,1.0,0.0010091171326389431,inf,0.9132521225544481,0.012605042016806723,1.0,0.5063025210084033
177,"frozenset({'SINGLE MALT SCOTCH', 'CANADIAN WHISKIES', 'STRAIGHT BOURBON WHISKIES', 'AMERICAN DRY GINS'})",frozenset({'BLENDED WHISKIES'}),0.0011061946902654867,0.029129793510324485,0.0011061946902654867,1.0,34.32911392405063,1.0,0.0010739714673558358,inf,0.9719453672942047,0.0379746835443038,1.0,0.5189873417721519
178,"frozenset({'SINGLE MALT SCOTCH', 'BLENDED WHISKIES', 'AMERICAN DRY GINS'})","frozenset({'CANADIAN WHISKIES', 'STRAIGHT BOURBON WHISKIES'})",0.0011061946902654867,0.008112094395280236,0.0011061946902654867,1.0,123.27272727272728,1.0,0.0010972211345184953,inf,0.9929863418235512,0.13636363636363635,1.0,0.5681818181818181
179,"frozenset({'SINGLE MALT SCOTCH', 'STRAIGHT BOURBON WHISKIES', 'AMERICAN DRY GINS'})","frozenset({'CANADIAN WHISKIES', 'BLENDED WHISKIES'})",0.0011061946902654867,0.004424778761061947,0.0011061946902654867,1.0,226.0,1.0,0.0011013000234944006,inf,0.9966777408637875,0.25,1.0,0.625
180,"frozenset({'SINGLE MALT SCOTCH', 'CANADIAN WHISKIES', 'AMERICAN DRY GINS'})","frozenset({'BLENDED WHISKIES', 'STRAIGHT BOURBON WHISKIES'})",0.0011061946902654867,0.004056047197640118,0.0011061946902654867,1.0,246.54545454545456,1.0,0.001101707912391991,inf,0.9970468807678109,0.2727272727272727,1.0,0.6363636363636364
181,"frozenset({'SINGLE MALT SCOTCH', 'BLENDED WHISKIES', 'COFFEE LIQUEURS', 'VODKA FLAVORED'})",frozenset({'CANADIAN WHISKIES'}),0.0011061946902654867,0.0612094395280236,0.0011061946902654867,1.0,16.337349397590362,1.0,0.0010384851332654605,inf,0.939830195644149,0.018072289156626505,1.0,0.5090361445783133
182,"frozenset({'SINGLE MALT SCOTCH', 'CANADIAN WHISKIES', 'BLENDED WHISKIES', 'COFFEE LIQUEURS'})",frozenset({'VODKA FLAVORED'}),0.0011061946902654867,0.1544985250737463,0.0011061946902654867,1.0,6.47255369928401,1.0,0.0009352892421750594,inf,0.8464377999261721,0.007159904534606206,1.0,0.5035799522673031
183,"frozenset({'SINGLE MALT SCOTCH', 'CANADIAN WHISKIES', 'BLENDED WHISKIES', 'VODKA FLAVORED'})",frozenset({'COFFEE LIQUEURS'}),0.0011061946902654867,0.008849557522123894,0.0011061946902654867,1.0,113.0,1.0,0.0010964053567233142,inf,0.9922480620155039,0.125,1.0,0.5625
184,"frozenset({'CANADIAN WHISKIES', 'BLENDED WHISKIES', 'COFFEE LIQUEURS', 'VODKA FLAVORED'})",frozenset({'SINGLE MALT SCOTCH'}),0.0011061946902654867,0.1084070796460177,0.0011061946902654867,1.0,9.224489795918368,1.0,0.0009862753543738742,inf,0.8925802879291251,0.01020408163265306,1.0,0.5051020408163265
185,"frozenset({'SINGLE MALT SCOTCH', 'CANADIAN WHISKIES', 'COFFEE LIQUEURS', 'VODKA FLAVORED'})",frozenset({'BLENDED WHISKIES'}),0.0011061946902654867,0.029129793510324485,0.0011061946902654867,1.0,34.32911392405063,1.0,0.0010739714673558358,inf,0.9719453672942047,0.0379746835443038,1.0,0.5189873417721519
186,"frozenset({'SINGLE MALT SCOTCH', 'BLENDED WHISKIES', 'COFFEE LIQUEURS'})","frozenset({'CANADIAN WHISKIES', 'VODKA FLAVORED'})",0.0011061946902654867,0.00995575221238938,0.0011061946902654867,1.0,100.44444444444444,1.0,0.0010951816900305427,inf,0.991140642303433,0.1111111111111111,1.0,0.5555555555555556
187,"frozenset({'SINGLE MALT SCOTCH', 'BLENDED WHISKIES', 'VODKA FLAVORED'})","frozenset({'CANADIAN WHISKIES', 'COFFEE LIQUEURS'})",0.0011061946902654867,0.0014749262536873156,0.0011061946902654867,1.0,678.0,1.0,0.0011045631346751246,inf,0.9996308600959763,0.75,1.0,0.875
188,"frozenset({'BLENDED WHISKIES', 'COFFEE LIQUEURS', 'VODKA FLAVORED'})","frozenset({'SINGLE MALT SCOTCH', 'CANADIAN WHISKIES'})",0.0011061946902654867,0.0055309734513274336,0.0011061946902654867,1.0,180.8,1.0,0.001100076356801629,inf,0.9955703211517166,0.2,1.0,0.6
189,"frozenset({'CANADIAN WHISKIES', 'BLENDED WHISKIES', 'COFFEE LIQUEURS'})","frozenset({'SINGLE MALT SCOTCH', 'VODKA FLAVORED'})",0.0011061946902654867,0.008849557522123894,0.0011061946902654867,1.0,113.0,1.0,0.0010964053567233142,inf,0.9922480620155039,0.125,1.0,0.5625
190,"frozenset({'SINGLE MALT SCOTCH', 'COFFEE LIQUEURS', 'VODKA FLAVORED'})","frozenset({'CANADIAN WHISKIES', 'BLENDED WHISKIES'})",0.0011061946902654867,0.004424778761061947,0.0011061946902654867,1.0,226.0,1.0,0.0011013000234944006,inf,0.9966777408637875,0.25,1.0,0.625
191,"frozenset({'SINGLE MALT SCOTCH', 'CANADIAN WHISKIES', 'COFFEE LIQUEURS'})","frozenset({'BLENDED WHISKIES', 'VODKA FLAVORED'})",0.0011061946902654867,0.005162241887905605,0.0011061946902654867,1.0,193.71428571428572,1.0,0.0011004842456992195,inf,0.9959394610557403,0.21428571428571427,1.0,0.6071428571428571
192,"frozenset({'CANADIAN WHISKIES', 'COFFEE LIQUEURS', 'VODKA FLAVORED'})","frozenset({'SINGLE MALT SCOTCH', 'BLENDED WHISKIES'})",0.0011061946902654867,0.003687315634218289,0.0011061946902654867,1.0,271.2,1.0,0.0011021158012895814,inf,0.9974160206718345,0.3,1.0,0.65
193,"frozenset({'BLENDED WHISKIES', 'COFFEE LIQUEURS'})","frozenset({'SINGLE MALT SCOTCH', 'CANADIAN WHISKIES', 'VODKA FLAVORED'})",0.0011061946902654867,0.0014749262536873156,0.0011061946902654867,1.0,678.0,1.0,0.0011045631346751246,inf,0.9996308600959763,0.75,1.0,0.875
194,"frozenset({'BLENDED WHISKIES', 'STRAIGHT BOURBON WHISKIES', 'SCOTCH WHISKIES', 'TEQUILA'})",frozenset({'DECANTERS & SPECIALTY PACKAGES'}),0.0011061946902654867,0.19358407079646017,0.0011061946902654867,1.0,5.1657142857142855,1.0,0.0008920530190304643,inf,0.8073089700996677,0.005714285714285714,1.0,0.5028571428571429
195,"frozenset({'TEQUILA', 'BLENDED WHISKIES', 'STRAIGHT BOURBON WHISKIES', 'DECANTERS & SPECIALTY PACKAGES'})",frozenset({'SCOTCH WHISKIES'}),0.0011061946902654867,0.13827433628318583,0.0011061946902654867,1.0,7.232,1.0,0.0009532363536690422,inf,0.8626799557032115,0.008,1.0,0.504
196,"frozenset({'TEQUILA', 'BLENDED WHISKIES', 'SCOTCH WHISKIES', 'DECANTERS & SPECIALTY PACKAGES'})",frozenset({'STRAIGHT BOURBON WHISKIES'}),0.0011061946902654867,0.08775811209439528,0.0011061946902654867,1.0,11.394957983193278,1.0,0.0010091171326389431,inf,0.9132521225544481,0.012605042016806723,1.0,0.5063025210084033
197,"frozenset({'TEQUILA', 'STRAIGHT BOURBON WHISKIES', 'SCOTCH WHISKIES', 'DECANTERS & SPECIALTY PACKAGES'})",frozenset({'BLENDED WHISKIES'}),0.0011061946902654867,0.029129793510324485,0.0011061946902654867,1.0,34.32911392405063,1.0,0.0010739714673558358,inf,0.9719453672942047,0.0379746835443038,1.0,0.5189873417721519
198,"frozenset({'BLENDED WHISKIES', 'SCOTCH WHISKIES', 'TEQUILA'})","frozenset({'STRAIGHT BOURBON WHISKIES', 'DECANTERS & SPECIALTY PACKAGES'})",0.0011061946902654867,0.02028023598820059,0.0011061946902654867,1.0,49.309090909090905,1.0,0.001083760800898008,inf,0.9808047249907714,0.05454545454545454,1.0,0.5272727272727272
199,"frozenset({'TEQUILA', 'BLENDED WHISKIES', 'DECANTERS & SPECIALTY PACKAGES'})","frozenset({'STRAIGHT BOURBON WHISKIES', 'SCOTCH WHISKIES'})",0.0011061946902654867,0.012905604719764012,0.0011061946902654867,1.0,77.48571428571428,1.0,0.0010919185788498187,inf,0.9881875230712441,0.08571428571428572,1.0,0.5428571428571428
200,"frozenset({'SINGLE MALT SCOTCH', 'CREAM LIQUEURS', 'VODKA FLAVORED', 'IRISH WHISKIES'})",frozenset({'IMPORTED VODKA'}),0.0011061946902654867,0.0866519174041298,0.0011061946902654867,1.0,11.540425531914893,1.0,0.0010103407993317147,inf,0.9143595422665189,0.01276595744680851,1.0,0.5063829787234042
201,"frozenset({'SINGLE MALT SCOTCH', 'IMPORTED VODKA', 'CREAM LIQUEURS', 'IRISH WHISKIES'})",frozenset({'VODKA FLAVORED'}),0.0011061946902654867,0.1544985250737463,0.0011061946902654867,1.0,6.47255369928401,1.0,0.0009352892421750594,inf,0.8464377999261721,0.007159904534606206,1.0,0.5035799522673031
202,"frozenset({'SINGLE MALT SCOTCH', 'IMPORTED VODKA', 'VODKA FLAVORED', 'IRISH WHISKIES'})",frozenset({'CREAM LIQUEURS'}),0.0011061946902654867,0.04277286135693215,0.0011061946902654867,1.0,23.379310344827587,1.0,0.0010588795781449865,inf,0.9582871908453304,0.02586206896551724,1.0,0.5129310344827587
203,"frozenset({'SINGLE MALT SCOTCH', 'IMPORTED VODKA', 'CREAM LIQUEURS', 'VODKA FLAVORED'})",frozenset({'IRISH WHISKIES'}),0.0011061946902654867,0.02654867256637168,0.0011061946902654867,1.0,37.666666666666664,1.0,0.0010768266896389693,inf,0.9745293466223699,0.041666666666666664,1.0,0.5208333333333334
204,"frozenset({'IMPORTED VODKA', 'CREAM LIQUEURS', 'VODKA FLAVORED', 'IRISH WHISKIES'})",frozenset({'SINGLE MALT SCOTCH'}),0.0011061946902654867,0.1084070796460177,0.0011061946902654867,1.0,9.224489795918368,1.0,0.0009862753543738742,inf,0.8925802879291251,0.01020408163265306,1.0,0.5051020408163265
205,"frozenset({'SINGLE MALT SCOTCH', 'CREAM LIQUEURS', 'IRISH WHISKIES'})","frozenset({'IMPORTED VODKA', 'VODKA FLAVORED'})",0.0011061946902654867,0.01032448377581121,0.0011061946902654867,1.0,96.85714285714286,1.0,0.0010947738011329521,inf,0.9907715023994094,0.10714285714285714,1.0,0.5535714285714286
206,"frozenset({'SINGLE MALT SCOTCH', 'VODKA FLAVORED', 'IRISH WHISKIES'})","frozenset({'IMPORTED VODKA', 'CREAM LIQUEURS'})",0.0011061946902654867,0.0022123893805309734,0.0011061946902654867,1.0,452.0,1.0,0.0011037473568799435,inf,0.998892580287929,0.5,1.0,0.75
207,"frozenset({'SINGLE MALT SCOTCH', 'IMPORTED VODKA', 'IRISH WHISKIES'})","frozenset({'CREAM LIQUEURS', 'VODKA FLAVORED'})",0.0011061946902654867,0.009218289085545723,0.0011061946902654867,1.0,108.48,1.0,0.0010959974678257237,inf,0.9918789221114802,0.12,1.0,0.56
208,"frozenset({'SINGLE MALT SCOTCH', 'CREAM LIQUEURS', 'VODKA FLAVORED'})","frozenset({'IMPORTED VODKA', 'IRISH WHISKIES'})",0.0011061946902654867,0.00331858407079646,0.0011061946902654867,1.0,301.3333333333333,1.0,0.001102523690187172,inf,0.9977851605758582,0.3333333333333333,1.0,0.6666666666666666
209,"frozenset({'SINGLE MALT SCOTCH', 'IMPORTED VODKA', 'CREAM LIQUEURS'})","frozenset({'VODKA FLAVORED', 'IRISH WHISKIES'})",0.0011061946902654867,0.005162241887905605,0.0011061946902654867,1.0,193.71428571428572,1.0,0.0011004842456992195,inf,0.9959394610557403,0.21428571428571427,1.0,0.6071428571428571
210,"frozenset({'IMPORTED VODKA', 'CREAM LIQUEURS', 'VODKA FLAVORED'})","frozenset({'SINGLE MALT SCOTCH', 'IRISH WHISKIES'})",0.0011061946902654867,0.0014749262536873156,0.0011061946902654867,1.0,678.0,1.0,0.0011045631346751246,inf,0.9996308600959763,0.75,1.0,0.875
211,"frozenset({'SINGLE MALT SCOTCH', 'IMPORTED VODKA - MISC', 'IMPORTED VODKA', 'DECANTERS & SPECIALTY PACKAGES'})",frozenset({'VODKA FLAVORED'}),0.0011061946902654867,0.1544985250737463,0.0011061946902654867,1.0,6.47255369928401,1.0,0.0009352892421750594,inf,0.8464377999261721,0.007159904534606206,1.0,0.5035799522673031
212,"frozenset({'IMPORTED VODKA - MISC', 'IMPORTED VODKA', 'VODKA FLAVORED', 'DECANTERS & SPECIALTY PACKAGES'})",frozenset({'SINGLE MALT SCOTCH'}),0.0011061946902654867,0.1084070796460177,0.0011061946902654867,1.0,9.224489795918368,1.0,0.0009862753543738742,inf,0.8925802879291251,0.01020408163265306,1.0,0.5051020408163265
213,"frozenset({'SINGLE MALT SCOTCH', 'STRAIGHT BOURBON WHISKIES', 'SCOTCH WHISKIES', 'TEQUILA'})",frozenset({'FLAVORED RUM'}),0.0011061946902654867,0.06747787610619468,0.0011061946902654867,1.0,14.819672131147541,1.0,0.0010315510220064218,inf,0.9335548172757475,0.01639344262295082,1.0,0.5081967213114754
214,"frozenset({'TEQUILA', 'FLAVORED RUM', 'SCOTCH WHISKIES', 'STRAIGHT BOURBON WHISKIES'})",frozenset({'SINGLE MALT SCOTCH'}),0.0011061946902654867,0.1084070796460177,0.0011061946902654867,1.0,9.224489795918368,1.0,0.0009862753543738742,inf,0.8925802879291251,0.01020408163265306,1.0,0.5051020408163265
215,"frozenset({'BLENDED WHISKIES', 'SINGLE MALT SCOTCH', 'STRAIGHT BOURBON WHISKIES', 'AMERICAN DRY GINS', 'AMERICAN COCKTAILS'})",frozenset({'CANADIAN WHISKIES'}),0.0011061946902654867,0.0612094395280236,0.0011061946902654867,1.0,16.337349397590362,1.0,0.0010384851332654605,inf,0.939830195644149,0.018072289156626505,1.0,0.5090361445783133
216,"frozenset({'BLENDED WHISKIES', 'SINGLE MALT SCOTCH', 'STRAIGHT BOURBON WHISKIES', 'AMERICAN DRY GINS', 'CANADIAN WHISKIES'})",frozenset({'AMERICAN COCKTAILS'}),0.0011061946902654867,0.11946902654867257,0.0011061946902654867,1.0,8.37037037037037,1.0,0.0009740386874461586,inf,0.8815060908084164,0.009259259259259259,1.0,0.5046296296296297
217,"frozenset({'BLENDED WHISKIES', 'SINGLE MALT SCOTCH', 'STRAIGHT BOURBON WHISKIES', 'AMERICAN COCKTAILS', 'CANADIAN WHISKIES'})",frozenset({'AMERICAN DRY GINS'}),0.0011061946902654867,0.0357669616519174,0.0011061946902654867,1.0,27.95876288659794,1.0,0.0010666294671992063,inf,0.9653008490217793,0.030927835051546393,1.0,0.5154639175257731
218,"frozenset({'BLENDED WHISKIES', 'SINGLE MALT SCOTCH', 'AMERICAN DRY GINS', 'AMERICAN COCKTAILS', 'CANADIAN WHISKIES'})",frozenset({'STRAIGHT BOURBON WHISKIES'}),0.0011061946902654867,0.08775811209439528,0.0011061946902654867,1.0,11.394957983193278,1.0,0.0010091171326389431,inf,0.9132521225544481,0.012605042016806723,1.0,0.5063025210084033
219,"frozenset({'BLENDED WHISKIES', 'STRAIGHT BOURBON WHISKIES', 'AMERICAN DRY GINS', 'AMERICAN COCKTAILS', 'CANADIAN WHISKIES'})",frozenset({'SINGLE MALT SCOTCH'}),0.0011061946902654867,0.1084070796460177,0.0011061946902654867,1.0,9.224489795918368,1.0,0.0009862753543738742,inf,0.8925802879291251,0.01020408163265306,1.0,0.5051020408163265
220,"frozenset({'SINGLE MALT SCOTCH', 'STRAIGHT BOURBON WHISKIES', 'AMERICAN DRY GINS', 'AMERICAN COCKTAILS', 'CANADIAN WHISKIES'})",frozenset({'BLENDED WHISKIES'}),0.0011061946902654867,0.029129793510324485,0.0011061946902654867,1.0,34.32911392405063,1.0,0.0010739714673558358,inf,0.9719453672942047,0.0379746835443038,1.0,0.5189873417721519
221,"frozenset({'SINGLE MALT SCOTCH', 'BLENDED WHISKIES', 'STRAIGHT BOURBON WHISKIES', 'AMERICAN DRY GINS'})","frozenset({'CANADIAN WHISKIES', 'AMERICAN COCKTAILS'})",0.0011061946902654867,0.008112094395280236,0.0011061946902654867,1.0,123.27272727272728,1.0,0.0010972211345184953,inf,0.9929863418235512,0.13636363636363635,1.0,0.5681818181818181
222,"frozenset({'SINGLE MALT SCOTCH', 'BLENDED WHISKIES', 'STRAIGHT BOURBON WHISKIES', 'AMERICAN COCKTAILS'})","frozenset({'CANADIAN WHISKIES', 'AMERICAN DRY GINS'})",0.0011061946902654867,0.00331858407079646,0.0011061946902654867,1.0,301.3333333333333,1.0,0.001102523690187172,inf,0.9977851605758582,0.3333333333333333,1.0,0.6666666666666666
223,"frozenset({'SINGLE MALT SCOTCH', 'CANADIAN WHISKIES', 'BLENDED WHISKIES', 'STRAIGHT BOURBON WHISKIES'})","frozenset({'AMERICAN DRY GINS', 'AMERICAN COCKTAILS'})",0.0011061946902654867,0.004424778761061947,0.0011061946902654867,1.0,226.0,1.0,0.0011013000234944006,inf,0.9966777408637875,0.25,1.0,0.625
224,"frozenset({'SINGLE MALT SCOTCH', 'BLENDED WHISKIES', 'AMERICAN DRY GINS', 'AMERICAN COCKTAILS'})","frozenset({'CANADIAN WHISKIES', 'STRAIGHT BOURBON WHISKIES'})",0.0011061946902654867,0.008112094395280236,0.0011061946902654867,1.0,123.27272727272728,1.0,0.0010972211345184953,inf,0.9929863418235512,0.13636363636363635,1.0,0.5681818181818181
225,"frozenset({'SINGLE MALT SCOTCH', 'CANADIAN WHISKIES', 'BLENDED WHISKIES', 'AMERICAN DRY GINS'})","frozenset({'STRAIGHT BOURBON WHISKIES', 'AMERICAN COCKTAILS'})",0.0011061946902654867,0.009587020648967551,0.0011061946902654867,1.0,104.3076923076923,1.0,0.0010955895789281332,inf,0.9915097822074567,0.11538461538461539,1.0,0.5576923076923077
226,"frozenset({'SINGLE MALT SCOTCH', 'CANADIAN WHISKIES', 'BLENDED WHISKIES', 'AMERICAN COCKTAILS'})","frozenset({'STRAIGHT BOURBON WHISKIES', 'AMERICAN DRY GINS'})",0.0011061946902654867,0.006268436578171091,0.0011061946902654867,1.0,159.52941176470588,1.0,0.001099260579006448,inf,0.9948320413436693,0.17647058823529413,1.0,0.5882352941176471
227,"frozenset({'BLENDED WHISKIES', 'STRAIGHT BOURBON WHISKIES', 'AMERICAN DRY GINS', 'AMERICAN COCKTAILS'})","frozenset({'SINGLE MALT SCOTCH', 'CANADIAN WHISKIES'})",0.0011061946902654867,0.0055309734513274336,0.0011061946902654867,1.0,180.8,1.0,0.001100076356801629,inf,0.9955703211517166,0.2,1.0,0.6
228,"frozenset({'CANADIAN WHISKIES', 'BLENDED WHISKIES', 'STRAIGHT BOURBON WHISKIES', 'AMERICAN COCKTAILS'})","frozenset({'SINGLE MALT SCOTCH', 'AMERICAN DRY GINS'})",0.0011061946902654867,0.0029498525073746312,0.0011061946902654867,1.0,339.0,1.0,0.0011029315790847625,inf,0.9981543004798819,0.375,1.0,0.6875
229,"frozenset({'CANADIAN WHISKIES', 'BLENDED WHISKIES', 'AMERICAN DRY GINS', 'AMERICAN COCKTAILS'})","frozenset({'SINGLE MALT SCOTCH', 'STRAIGHT BOURBON WHISKIES'})",0.0011061946902654867,0.00663716814159292,0.0011061946902654867,1.0,150.66666666666666,1.0,0.0010988526901088574,inf,0.9944629014396457,0.16666666666666666,1.0,0.5833333333333334
230,"frozenset({'SINGLE MALT SCOTCH', 'STRAIGHT BOURBON WHISKIES', 'AMERICAN DRY GINS', 'AMERICAN COCKTAILS'})","frozenset({'CANADIAN WHISKIES', 'BLENDED WHISKIES'})",0.0011061946902654867,0.004424778761061947,0.0011061946902654867,1.0,226.0,1.0,0.0011013000234944006,inf,0.9966777408637875,0.25,1.0,0.625
231,"frozenset({'SINGLE MALT SCOTCH', 'CANADIAN WHISKIES', 'STRAIGHT BOURBON WHISKIES', 'AMERICAN DRY GINS'})","frozenset({'BLENDED WHISKIES', 'AMERICAN COCKTAILS'})",0.0011061946902654867,0.005162241887905605,0.0011061946902654867,1.0,193.71428571428572,1.0,0.0011004842456992195,inf,0.9959394610557403,0.21428571428571427,1.0,0.6071428571428571
232,"frozenset({'SINGLE MALT SCOTCH', 'CANADIAN WHISKIES', 'STRAIGHT BOURBON WHISKIES', 'AMERICAN COCKTAILS'})","frozenset({'BLENDED WHISKIES', 'AMERICAN DRY GINS'})",0.0011061946902654867,0.0018436578171091445,0.0011061946902654867,1.0,542.4,1.0,0.001104155245777534,inf,0.9992617201919527,0.6,1.0,0.8
233,"frozenset({'SINGLE MALT SCOTCH', 'CANADIAN WHISKIES', 'AMERICAN DRY GINS', 'AMERICAN COCKTAILS'})","frozenset({'BLENDED WHISKIES', 'STRAIGHT BOURBON WHISKIES'})",0.0011061946902654867,0.004056047197640118,0.0011061946902654867,1.0,246.54545454545456,1.0,0.001101707912391991,inf,0.9970468807678109,0.2727272727272727,1.0,0.6363636363636364
234,"frozenset({'CANADIAN WHISKIES', 'STRAIGHT BOURBON WHISKIES', 'AMERICAN DRY GINS', 'AMERICAN COCKTAILS'})","frozenset({'SINGLE MALT SCOTCH', 'BLENDED WHISKIES'})",0.0011061946902654867,0.003687315634218289,0.0011061946902654867,1.0,271.2,1.0,0.0011021158012895814,inf,0.9974160206718345,0.3,1.0,0.65
235,"frozenset({'SINGLE MALT SCOTCH', 'BLENDED WHISKIES', 'AMERICAN DRY GINS'})","frozenset({'CANADIAN WHISKIES', 'STRAIGHT BOURBON WHISKIES', 'AMERICAN COCKTAILS'})",0.0011061946902654867,0.0025811209439528023,0.0011061946902654867,1.0,387.42857142857144,1.0,0.001103339467982353,inf,0.9985234403839055,0.42857142857142855,1.0,0.7142857142857143
236,"frozenset({'CANADIAN WHISKIES', 'BLENDED WHISKIES', 'AMERICAN COCKTAILS'})","frozenset({'SINGLE MALT SCOTCH', 'STRAIGHT BOURBON WHISKIES', 'AMERICAN DRY GINS'})",0.0011061946902654867,0.0011061946902654867,0.0011061946902654867,1.0,904.0,1.0,0.0011049710235727151,inf,1.0,1.0,1.0,1.0
237,"frozenset({'SINGLE MALT SCOTCH', 'STRAIGHT BOURBON WHISKIES', 'AMERICAN DRY GINS'})","frozenset({'CANADIAN WHISKIES', 'BLENDED WHISKIES', 'AMERICAN COCKTAILS'})",0.0011061946902654867,0.0011061946902654867,0.0011061946902654867,1.0,904.0,1.0,0.0011049710235727151,inf,1.0,1.0,1.0,1.0
238,"frozenset({'SINGLE MALT SCOTCH', 'CANADIAN WHISKIES', 'AMERICAN DRY GINS'})","frozenset({'BLENDED WHISKIES', 'STRAIGHT BOURBON WHISKIES', 'AMERICAN COCKTAILS'})",0.0011061946902654867,0.0014749262536873156,0.0011061946902654867,1.0,678.0,1.0,0.0011045631346751246,inf,0.9996308600959763,0.75,1.0,0.875
239,"frozenset({'SINGLE MALT SCOTCH', 'CANADIAN WHISKIES', 'AMERICAN COCKTAILS'})","frozenset({'BLENDED WHISKIES', 'STRAIGHT BOURBON WHISKIES', 'AMERICAN DRY GINS'})",0.0011061946902654867,0.0014749262536873156,0.0011061946902654867,1.0,678.0,1.0,0.0011045631346751246,inf,0.9996308600959763,0.75,1.0,0.875
240,"frozenset({'STRAIGHT BOURBON WHISKIES', 'AMERICAN DRY GINS', 'AMERICAN COCKTAILS'})","frozenset({'SINGLE MALT SCOTCH', 'CANADIAN WHISKIES', 'BLENDED WHISKIES'})",0.0011061946902654867,0.0014749262536873156,0.0011061946902654867,1.0,678.0,1.0,0.0011045631346751246,inf,0.9996308600959763,0.75,1.0,0.875
241,"frozenset({'CANADIAN WHISKIES', 'AMERICAN DRY GINS', 'AMERICAN COCKTAILS'})","frozenset({'SINGLE MALT SCOTCH', 'BLENDED WHISKIES', 'STRAIGHT BOURBON WHISKIES'})",0.0011061946902654867,0.0014749262536873156,0.0011061946902654867,1.0,678.0,1.0,0.0011045631346751246,inf,0.9996308600959763,0.75,1.0,0.875
242,"frozenset({'SINGLE MALT SCOTCH', 'STRAIGHT BOURBON WHISKIES', 'SCOTCH WHISKIES', 'AMERICAN COCKTAILS', 'TEQUILA'})",frozenset({'FLAVORED RUM'}),0.0011061946902654867,0.06747787610619468,0.0011061946902654867,1.0,14.819672131147541,1.0,0.0010315510220064218,inf,0.9335548172757475,0.01639344262295082,1.0,0.5081967213114754
243,"frozenset({'SINGLE MALT SCOTCH', 'FLAVORED RUM', 'STRAIGHT BOURBON WHISKIES', 'SCOTCH WHISKIES', 'TEQUILA'})",frozenset({'AMERICAN COCKTAILS'}),0.0011061946902654867,0.11946902654867257,0.0011061946902654867,1.0,8.37037037037037,1.0,0.0009740386874461586,inf,0.8815060908084164,0.009259259259259259,1.0,0.5046296296296297
244,"frozenset({'SINGLE MALT SCOTCH', 'FLAVORED RUM', 'SCOTCH WHISKIES', 'AMERICAN COCKTAILS', 'TEQUILA'})",frozenset({'STRAIGHT BOURBON WHISKIES'}),0.0011061946902654867,0.08775811209439528,0.0011061946902654867,1.0,11.394957983193278,1.0,0.0010091171326389431,inf,0.9132521225544481,0.012605042016806723,1.0,0.5063025210084033
245,"frozenset({'FLAVORED RUM', 'STRAIGHT BOURBON WHISKIES', 'SCOTCH WHISKIES', 'AMERICAN COCKTAILS', 'TEQUILA'})",frozenset({'SINGLE MALT SCOTCH'}),0.0011061946902654867,0.1084070796460177,0.0011061946902654867,1.0,9.224489795918368,1.0,0.0009862753543738742,inf,0.8925802879291251,0.01020408163265306,1.0,0.5051020408163265
246,"frozenset({'SINGLE MALT SCOTCH', 'STRAIGHT BOURBON WHISKIES', 'SCOTCH WHISKIES', 'TEQUILA'})","frozenset({'FLAVORED RUM', 'AMERICAN COCKTAILS'})",0.0011061946902654867,0.007005899705014749,0.0011061946902654867,1.0,142.73684210526315,1.0,0.0010984448012112669,inf,0.994093761535622,0.15789473684210525,1.0,0.5789473684210527
247,"frozenset({'SINGLE MALT SCOTCH', 'TEQUILA', 'SCOTCH WHISKIES', 'AMERICAN COCKTAILS'})","frozenset({'FLAVORED RUM', 'STRAIGHT BOURBON WHISKIES'})",0.0011061946902654867,0.007374631268436578,0.0011061946902654867,1.0,135.6,1.0,0.0010980369123136764,inf,0.9937246216315985,0.15,1.0,0.575
248,"frozenset({'FLAVORED RUM', 'STRAIGHT BOURBON WHISKIES', 'SCOTCH WHISKIES', 'TEQUILA'})","frozenset({'SINGLE MALT SCOTCH', 'AMERICAN COCKTAILS'})",0.0011061946902654867,0.009218289085545723,0.0011061946902654867,1.0,108.48,1.0,0.0010959974678257237,inf,0.9918789221114802,0.12,1.0,0.56
249,"frozenset({'TEQUILA', 'FLAVORED RUM', 'SCOTCH WHISKIES', 'AMERICAN COCKTAILS'})","frozenset({'SINGLE MALT SCOTCH', 'STRAIGHT BOURBON WHISKIES'})",0.0011061946902654867,0.00663716814159292,0.0011061946902654867,1.0,150.66666666666666,1.0,0.0010988526901088574,inf,0.9944629014396457,0.16666666666666666,1.0,0.5833333333333334
